OBJECT 182 CROSSING01



TEXTURE entrance_uni2
TRITEX -77.17368000 193.04067000 -270.94980000 0.0 0.0
       -35.36889000 193.04067000 -421.48218000 1.0 1.0
       -35.36889000 193.04067000 -270.94980000 1.0 0.0
       
TRITEX -77.17368000 193.04067000 -270.94980000 0.0 0.0
       -77.17368000 193.04067000 -421.48218000 0.0 1.0
       -35.36889000 193.04067000 -421.48218000 1.0 1.0
       
TRITEX -117.68448000 314.90574000 -270.94986000 1.0 0.0
       2.02569000 314.90574000 -421.48218000 0.0 1.0
       -117.68448000 314.90574000 -421.48224000 1.0 1.0
       
TRITEX -117.68448000 314.90574000 -270.94986000 1.0 0.0
       2.02569000 314.90574000 -270.94980000 0.0 0.0
       2.02569000 314.90574000 -421.48218000 0.0 1.0
       
TRITEX 428.38656000 353.87478000 32.09154000 1.0 0.0
       308.38653000 290.72061000 -69.94545000 0.0 1.0
       308.38653000 353.87478000 32.09154000 1.0 1.0
       
TRITEX 428.38656000 353.87478000 32.09154000 1.0 0.0
       428.38656000 290.72061000 -69.94545000 0.0 0.0
       308.38653000 290.72061000 -69.94545000 0.0 1.0
       
TRITEX 308.38653000 188.68359000 -6.79125000 1.0 1.0
       428.38656000 251.83776000 95.24571000 0.0 0.0
       308.38653000 251.83776000 95.24577000 0.0 1.0
       
TRITEX 308.38653000 188.68359000 -6.79125000 1.0 1.0
       428.38656000 188.68359000 -6.79131000 1.0 0.0
       428.38656000 251.83776000 95.24571000 0.0 0.0
       
TRITEX -117.68448000 314.90574000 -270.94986000 1.0 0.0
       -77.17368000 193.04067000 -421.48218000 0.0 1.0
       -77.17368000 193.04067000 -270.94980000 1.0 1.0
       
TRITEX -117.68448000 314.90574000 -270.94986000 1.0 0.0
       -117.68448000 314.90574000 -421.48224000 0.0 0.0
       -77.17368000 193.04067000 -421.48218000 0.0 1.0
       
TRITEX 445.41858000 193.04067000 58.89303000 0.0 1.0
       294.88620000 314.90574000 21.49851000 1.0 0.0
       445.41858000 314.90574000 21.49851000 0.0 0.0
       
TRITEX 445.41858000 193.04067000 58.89303000 0.0 1.0
       294.88620000 193.04067000 58.89303000 1.0 1.0
       294.88620000 314.90574000 21.49851000 1.0 0.0
       
TRITEX 2.02569000 314.90574000 -421.48218000 1.0 0.0
       -35.36889000 193.04067000 -270.94980000 0.0 1.0
       -35.36889000 193.04067000 -421.48218000 1.0 1.0
       
TRITEX 2.02569000 314.90574000 -421.48218000 1.0 0.0
       2.02569000 314.90574000 -270.94980000 0.0 0.0
       -35.36889000 193.04067000 -270.94980000 0.0 1.0
       
TRITEX -71.72157000 251.83776000 -287.98188000 0.0 0.0
       30.31542000 188.68359000 -407.98188000 1.0 1.0
       30.31542000 188.68359000 -287.98188000 1.0 0.0
       
TRITEX -71.72157000 251.83776000 -287.98188000 0.0 0.0
       -71.72157000 251.83776000 -407.98188000 0.0 1.0
       30.31542000 188.68359000 -407.98188000 1.0 1.0
       
TRITEX -8.56740000 353.87478000 -287.98188000 1.0 0.0
       93.46962000 290.72061000 -407.98188000 0.0 1.0
       -8.56740000 353.87478000 -407.98188000 1.0 1.0
       
TRITEX -8.56740000 353.87478000 -287.98188000 1.0 0.0
       93.46962000 290.72061000 -287.98188000 0.0 0.0
       93.46962000 290.72061000 -407.98188000 0.0 1.0
       
TRITEX -8.56740000 353.87478000 -407.98188000 1.0 0.0
       30.31542000 188.68359000 -407.98188000 0.0 1.0
       -71.72157000 251.83776000 -407.98188000 1.0 1.0
       
TRITEX -8.56740000 353.87478000 -407.98188000 1.0 0.0
       93.46962000 290.72061000 -407.98188000 0.0 0.0
       30.31542000 188.68359000 -407.98188000 0.0 1.0
       
TRITEX -8.56740000 353.87478000 -287.98188000 1.0 0.0
       -71.72157000 251.83776000 -407.98188000 0.0 1.0
       -71.72157000 251.83776000 -287.98188000 1.0 1.0
       
TRITEX -8.56740000 353.87478000 -287.98188000 1.0 0.0
       -8.56740000 353.87478000 -407.98188000 0.0 0.0
       -71.72157000 251.83776000 -407.98188000 0.0 1.0
       
TRITEX 93.46962000 290.72061000 -287.98188000 1.0 0.0
       -71.72157000 251.83776000 -287.98188000 0.0 1.0
       30.31542000 188.68359000 -287.98188000 1.0 1.0
       
TRITEX 93.46962000 290.72061000 -287.98188000 1.0 0.0
       -8.56740000 353.87478000 -287.98188000 0.0 0.0
       -71.72157000 251.83776000 -287.98188000 0.0 1.0
       
TRITEX 93.46962000 290.72061000 -407.98188000 1.0 0.0
       30.31542000 188.68359000 -287.98188000 0.0 1.0
       30.31542000 188.68359000 -407.98188000 1.0 1.0
       
TRITEX 93.46962000 290.72061000 -407.98188000 1.0 0.0
       93.46962000 290.72061000 -287.98188000 0.0 0.0
       30.31542000 188.68359000 -287.98188000 0.0 1.0
       
TRITEX 294.88620000 193.04067000 100.69785000 0.0 1.0
       445.41858000 314.90574000 141.20862000 1.0 0.0
       294.88614000 314.90574000 141.20868000 0.0 0.0
       
TRITEX 294.88620000 193.04067000 100.69785000 0.0 1.0
       445.41858000 193.04067000 100.69785000 1.0 1.0
       445.41858000 314.90574000 141.20862000 1.0 0.0
       
TRITEX 294.88620000 314.90574000 21.49851000 0.0 1.0
       445.41858000 314.90574000 141.20862000 1.0 0.0
       445.41858000 314.90574000 21.49851000 0.0 0.0
       
TRITEX 294.88620000 314.90574000 21.49851000 0.0 1.0
       294.88614000 314.90574000 141.20868000 1.0 1.0
       445.41858000 314.90574000 141.20862000 1.0 0.0
       
TRITEX 294.88620000 193.04067000 58.89303000 1.0 1.0
       445.41858000 193.04067000 100.69785000 0.0 0.0
       294.88620000 193.04067000 100.69785000 0.0 1.0
       
TRITEX 294.88620000 193.04067000 58.89303000 1.0 1.0
       445.41858000 193.04067000 58.89303000 1.0 0.0
       445.41858000 193.04067000 100.69785000 0.0 0.0
       
TRITEX 308.38653000 353.87478000 32.09154000 1.0 0.0
       308.38653000 188.68359000 -6.79125000 0.0 1.0
       308.38653000 251.83776000 95.24577000 1.0 1.0
       
TRITEX 308.38653000 353.87478000 32.09154000 1.0 0.0
       308.38653000 290.72061000 -69.94545000 0.0 0.0
       308.38653000 188.68359000 -6.79125000 0.0 1.0
       
TRITEX 428.38656000 353.87478000 32.09154000 1.0 0.0
       308.38653000 251.83776000 95.24577000 0.0 1.0
       428.38656000 251.83776000 95.24571000 1.0 1.0
       
TRITEX 428.38656000 353.87478000 32.09154000 1.0 0.0
       308.38653000 353.87478000 32.09154000 0.0 0.0
       308.38653000 251.83776000 95.24577000 0.0 1.0
       
TRITEX 428.38656000 290.72061000 -69.94545000 1.0 0.0
       428.38656000 251.83776000 95.24571000 0.0 1.0
       428.38656000 188.68359000 -6.79131000 1.0 1.0
       
TRITEX 428.38656000 290.72061000 -69.94545000 1.0 0.0
       428.38656000 353.87478000 32.09154000 0.0 0.0
       428.38656000 251.83776000 95.24571000 0.0 1.0
       
TRITEX 68.28513000 61.56834000 -287.98188000 0.0 0.0
       184.22643000 92.51373000 -407.98188000 1.0 1.0
       184.22643000 92.51373000 -287.98188000 1.0 0.0
       
TRITEX 68.28513000 61.56834000 -287.98188000 0.0 0.0
       68.28513000 61.56834000 -407.98188000 0.0 1.0
       184.22643000 92.51373000 -407.98188000 1.0 1.0
       
TRITEX 37.33974000 177.50961000 -287.98188000 1.0 0.0
       153.28101000 208.45503000 -407.98188000 0.0 1.0
       37.33974000 177.50961000 -407.98188000 1.0 1.0
       
TRITEX 37.33974000 177.50961000 -287.98188000 1.0 0.0
       153.28101000 208.45503000 -287.98188000 0.0 0.0
       153.28101000 208.45503000 -407.98188000 0.0 1.0
       
TRITEX 37.33974000 177.50961000 -407.98188000 1.0 0.0
       184.22643000 92.51373000 -407.98188000 0.0 1.0
       68.28513000 61.56834000 -407.98188000 1.0 1.0
       
TRITEX 37.33974000 177.50961000 -407.98188000 1.0 0.0
       153.28101000 208.45503000 -407.98188000 0.0 0.0
       184.22643000 92.51373000 -407.98188000 0.0 1.0
       
TRITEX 308.38653000 290.72061000 -69.94545000 1.0 0.0
       428.38656000 188.68359000 -6.79131000 0.0 1.0
       308.38653000 188.68359000 -6.79125000 1.0 1.0
       
TRITEX 308.38653000 290.72061000 -69.94545000 1.0 0.0
       428.38656000 290.72061000 -69.94545000 0.0 0.0
       428.38656000 188.68359000 -6.79131000 0.0 1.0
       
TRITEX 153.28101000 208.45503000 -287.98188000 1.0 0.0
       68.28513000 61.56834000 -287.98188000 0.0 1.0
       184.22643000 92.51373000 -287.98188000 1.0 1.0
       
TRITEX 153.28101000 208.45503000 -287.98188000 1.0 0.0
       37.33974000 177.50961000 -287.98188000 0.0 0.0
       68.28513000 61.56834000 -287.98188000 0.0 1.0
       
TRITEX 153.28101000 208.45503000 -407.98188000 1.0 0.0
       184.22643000 92.51373000 -287.98188000 0.0 1.0
       184.22643000 92.51373000 -407.98188000 1.0 1.0
       
TRITEX 153.28101000 208.45503000 -407.98188000 1.0 0.0
       153.28101000 208.45503000 -287.98188000 0.0 0.0
       184.22643000 92.51373000 -287.98188000 0.0 1.0
       
TRITEX 428.38656000 61.56834000 -44.76096000 0.0 0.0
       308.38653000 92.51373000 -160.70226000 1.0 1.0
       428.38656000 92.51373000 -160.70226000 1.0 0.0
       
TRITEX 428.38656000 61.56834000 -44.76096000 0.0 0.0
       308.38653000 61.56834000 -44.76096000 0.0 1.0
       308.38653000 92.51373000 -160.70226000 1.0 1.0
       
TRITEX 428.38656000 177.50961000 -13.81557000 1.0 0.0
       308.38653000 208.45503000 -129.75687000 0.0 1.0
       308.38653000 177.50961000 -13.81557000 1.0 1.0
       
TRITEX 428.38656000 177.50961000 -13.81557000 1.0 0.0
       428.38656000 208.45503000 -129.75687000 0.0 0.0
       308.38653000 208.45503000 -129.75687000 0.0 1.0
       
TRITEX 308.38653000 177.50961000 -13.81557000 1.0 0.0
       308.38653000 92.51373000 -160.70226000 0.0 1.0
       308.38653000 61.56834000 -44.76096000 1.0 1.0
       
TRITEX 308.38653000 177.50961000 -13.81557000 1.0 0.0
       308.38653000 208.45503000 -129.75687000 0.0 0.0
       308.38653000 92.51373000 -160.70226000 0.0 1.0
       
TRITEX 428.38656000 208.45503000 -129.75687000 1.0 0.0
       428.38656000 61.56834000 -44.76096000 0.0 1.0
       428.38656000 92.51373000 -160.70226000 1.0 1.0
       
TRITEX 428.38656000 208.45503000 -129.75687000 1.0 0.0
       428.38656000 177.50961000 -13.81557000 0.0 0.0
       428.38656000 61.56834000 -44.76096000 0.0 1.0
       
TRITEX 308.38653000 208.45503000 -129.75687000 1.0 0.0
       428.38656000 92.51373000 -160.70226000 0.0 1.0
       308.38653000 92.51373000 -160.70226000 1.0 1.0
       
TRITEX 308.38653000 208.45503000 -129.75687000 1.0 0.0
       428.38656000 208.45503000 -129.75687000 0.0 0.0
       428.38656000 92.51373000 -160.70226000 0.0 1.0
       
TRITEX 308.38653000 188.68359000 173.61330000 1.0 1.0
       428.38656000 251.83776000 71.57631000 0.0 0.0
       428.38656000 188.68359000 173.61330000 1.0 0.0
       
TRITEX 308.38653000 188.68359000 173.61330000 1.0 1.0
       308.38653000 251.83776000 71.57631000 0.0 1.0
       428.38656000 251.83776000 71.57631000 0.0 0.0
       
TRITEX -150.08916000 188.68359000 -407.98188000 1.0 1.0
       -48.05214000 251.83776000 -287.98188000 0.0 0.0
       -150.08916000 188.68359000 -287.98188000 1.0 0.0
       
TRITEX -150.08916000 188.68359000 -407.98188000 1.0 1.0
       -48.05214000 251.83776000 -407.98188000 0.0 1.0
       -48.05214000 251.83776000 -287.98188000 0.0 0.0
       
TRITEX -213.24333000 290.72061000 -407.98188000 0.0 1.0
       -111.20631000 353.87478000 -287.98188000 1.0 0.0
       -111.20631000 353.87478000 -407.98188000 1.0 1.0
       
TRITEX -213.24333000 290.72061000 -407.98188000 0.0 1.0
       -213.24333000 290.72061000 -287.98188000 0.0 0.0
       -111.20631000 353.87478000 -287.98188000 1.0 0.0
       
TRITEX -150.08916000 188.68359000 -407.98188000 0.0 1.0
       -111.20631000 353.87478000 -407.98188000 1.0 0.0
       -48.05214000 251.83776000 -407.98188000 1.0 1.0
       
TRITEX -150.08916000 188.68359000 -407.98188000 0.0 1.0
       -213.24333000 290.72061000 -407.98188000 0.0 0.0
       -111.20631000 353.87478000 -407.98188000 1.0 0.0
       
TRITEX -48.05214000 251.83776000 -407.98188000 0.0 1.0
       -111.20631000 353.87478000 -287.98188000 1.0 0.0
       -48.05214000 251.83776000 -287.98188000 1.0 1.0
       
TRITEX -48.05214000 251.83776000 -407.98188000 0.0 1.0
       -111.20631000 353.87478000 -407.98188000 0.0 0.0
       -111.20631000 353.87478000 -287.98188000 1.0 0.0
       
TRITEX -48.05214000 251.83776000 -287.98188000 0.0 1.0
       -213.24333000 290.72061000 -287.98188000 1.0 0.0
       -150.08916000 188.68359000 -287.98188000 1.0 1.0
       
TRITEX -48.05214000 251.83776000 -287.98188000 0.0 1.0
       -111.20631000 353.87478000 -287.98188000 0.0 0.0
       -213.24333000 290.72061000 -287.98188000 1.0 0.0
       
TRITEX -150.08916000 188.68359000 -287.98188000 0.0 1.0
       -213.24333000 290.72061000 -407.98188000 1.0 0.0
       -150.08916000 188.68359000 -407.98188000 1.0 1.0
       
TRITEX -150.08916000 188.68359000 -287.98188000 0.0 1.0
       -213.24333000 290.72061000 -287.98188000 0.0 0.0
       -213.24333000 290.72061000 -407.98188000 1.0 0.0
       
TRITEX 308.38656000 290.72061000 236.76747000 0.0 1.0
       428.38656000 353.87478000 134.73045000 1.0 0.0
       308.38653000 353.87478000 134.73045000 1.0 1.0
       
TRITEX 308.38656000 290.72061000 236.76747000 0.0 1.0
       428.38656000 290.72061000 236.76747000 0.0 0.0
       428.38656000 353.87478000 134.73045000 1.0 0.0
       
TRITEX 308.38653000 188.68359000 173.61330000 0.0 1.0
       308.38653000 353.87478000 134.73045000 1.0 0.0
       308.38653000 251.83776000 71.57631000 1.0 1.0
       
TRITEX 308.38653000 188.68359000 173.61330000 0.0 1.0
       308.38656000 290.72061000 236.76747000 0.0 0.0
       308.38653000 353.87478000 134.73045000 1.0 0.0
       
TRITEX 308.38653000 251.83776000 71.57631000 0.0 1.0
       428.38656000 353.87478000 134.73045000 1.0 0.0
       428.38656000 251.83776000 71.57631000 1.0 1.0
       
TRITEX 308.38653000 251.83776000 71.57631000 0.0 1.0
       308.38653000 353.87478000 134.73045000 0.0 0.0
       428.38656000 353.87478000 134.73045000 1.0 0.0
       
TRITEX 428.38656000 251.83776000 71.57631000 0.0 1.0
       428.38656000 290.72061000 236.76747000 1.0 0.0
       428.38656000 188.68359000 173.61330000 1.0 1.0
       
TRITEX 428.38656000 251.83776000 71.57631000 0.0 1.0
       428.38656000 353.87478000 134.73045000 0.0 0.0
       428.38656000 290.72061000 236.76747000 1.0 0.0
       
TRITEX 428.38656000 188.68359000 173.61330000 0.0 1.0
       308.38656000 290.72061000 236.76747000 1.0 0.0
       308.38653000 188.68359000 173.61330000 1.0 1.0
       
TRITEX 428.38656000 188.68359000 173.61330000 0.0 1.0
       428.38656000 290.72061000 236.76747000 0.0 0.0
       308.38656000 290.72061000 236.76747000 1.0 0.0
       
TRITEX 308.38656000 92.51373000 327.52425000 1.0 1.0
       428.38656000 61.56834000 211.58304000 0.0 0.0
       428.38656000 92.51373000 327.52425000 1.0 0.0
       
TRITEX 308.38656000 92.51373000 327.52425000 1.0 1.0
       308.38656000 61.56834000 211.58304000 0.0 1.0
       428.38656000 61.56834000 211.58304000 0.0 0.0
       
TRITEX -304.00017000 92.51373000 -407.98188000 1.0 1.0
       -188.05887000 61.56834000 -287.98188000 0.0 0.0
       -304.00017000 92.51373000 -287.98188000 1.0 0.0
       
TRITEX -304.00017000 92.51373000 -407.98188000 1.0 1.0
       -188.05887000 61.56834000 -407.98188000 0.0 1.0
       -188.05887000 61.56834000 -287.98188000 0.0 0.0
       
TRITEX -273.05478000 208.45503000 -407.98188000 0.0 1.0
       -157.11348000 177.50961000 -287.98188000 1.0 0.0
       -157.11348000 177.50961000 -407.98188000 1.0 1.0
       
TRITEX -273.05478000 208.45503000 -407.98188000 0.0 1.0
       -273.05478000 208.45503000 -287.98188000 0.0 0.0
       -157.11348000 177.50961000 -287.98188000 1.0 0.0
       
TRITEX -304.00017000 92.51373000 -407.98188000 0.0 1.0
       -157.11348000 177.50961000 -407.98188000 1.0 0.0
       -188.05887000 61.56834000 -407.98188000 1.0 1.0
       
TRITEX -304.00017000 92.51373000 -407.98188000 0.0 1.0
       -273.05478000 208.45503000 -407.98188000 0.0 0.0
       -157.11348000 177.50961000 -407.98188000 1.0 0.0
       
TRITEX 308.38656000 208.45503000 296.57886000 0.0 1.0
       428.38656000 177.50961000 180.63765000 1.0 0.0
       308.38653000 177.50961000 180.63765000 1.0 1.0
       
TRITEX 308.38656000 208.45503000 296.57886000 0.0 1.0
       428.38656000 208.45503000 296.57886000 0.0 0.0
       428.38656000 177.50961000 180.63765000 1.0 0.0
       
TRITEX -188.05887000 61.56834000 -287.98188000 0.0 1.0
       -273.05478000 208.45503000 -287.98188000 1.0 0.0
       -304.00017000 92.51373000 -287.98188000 1.0 1.0
       
TRITEX -188.05887000 61.56834000 -287.98188000 0.0 1.0
       -157.11348000 177.50961000 -287.98188000 0.0 0.0
       -273.05478000 208.45503000 -287.98188000 1.0 0.0
       
TRITEX -304.00017000 92.51373000 -287.98188000 0.0 1.0
       -273.05478000 208.45503000 -407.98188000 1.0 0.0
       -304.00017000 92.51373000 -407.98188000 1.0 1.0
       
TRITEX -304.00017000 92.51373000 -287.98188000 0.0 1.0
       -273.05478000 208.45503000 -287.98188000 0.0 0.0
       -273.05478000 208.45503000 -407.98188000 1.0 0.0
       
TRITEX 308.38656000 92.51373000 327.52425000 0.0 1.0
       308.38653000 177.50961000 180.63765000 1.0 0.0
       308.38656000 61.56834000 211.58304000 1.0 1.0
       
TRITEX 308.38656000 92.51373000 327.52425000 0.0 1.0
       308.38656000 208.45503000 296.57886000 0.0 0.0
       308.38653000 177.50961000 180.63765000 1.0 0.0
       
TRITEX 428.38656000 61.56834000 211.58304000 0.0 1.0
       428.38656000 208.45503000 296.57886000 1.0 0.0
       428.38656000 92.51373000 327.52425000 1.0 1.0
       
TRITEX 428.38656000 61.56834000 211.58304000 0.0 1.0
       428.38656000 177.50961000 180.63765000 0.0 0.0
       428.38656000 208.45503000 296.57886000 1.0 0.0
       
TRITEX 428.38656000 92.51373000 327.52425000 0.0 1.0
       308.38656000 208.45503000 296.57886000 1.0 0.0
       308.38656000 92.51373000 327.52425000 1.0 1.0
       
TRITEX 428.38656000 92.51373000 327.52425000 0.0 1.0
       428.38656000 208.45503000 296.57886000 0.0 0.0
       308.38656000 208.45503000 296.57886000 1.0 0.0
       

TEXTURE corridor05
TRITEX -117.68448000 314.90574000 -421.48224000 0.973533 0.10188200000000003
       -35.36889000 193.04067000 -421.48218000 0.330488 0.93927
       -77.17368000 193.04067000 -421.48218000 0.69094 0.957975
       
TRITEX -117.68448000 314.90574000 -421.48224000 0.973533 0.10188200000000003
       2.02569000 314.90574000 -421.48218000 0.056396 0.12245899999999998
       -35.36889000 193.04067000 -421.48218000 0.330488 0.93927
       
TRITEX 2.02569000 314.90574000 -270.94980000 0.056396 0.12245899999999998
       -77.17368000 193.04067000 -270.94980000 0.690941 0.957976
       -35.36889000 193.04067000 -270.94980000 0.330488 0.93927
       
TRITEX 2.02569000 314.90574000 -270.94980000 0.056396 0.12245899999999998
       -117.68448000 314.90574000 -270.94986000 0.973533 0.10188299999999995
       -77.17368000 193.04067000 -270.94980000 0.690941 0.957976
       
TRITEX 445.41858000 193.04067000 100.69785000 0.690941 0.957976
       445.41858000 314.90574000 21.49851000 0.056396 0.12245899999999998
       445.41858000 314.90574000 141.20862000 0.973533 0.10188299999999995
       
TRITEX 445.41858000 193.04067000 100.69785000 0.690941 0.957976
       445.41858000 193.04067000 58.89303000 0.330488 0.93927
       445.41858000 314.90574000 21.49851000 0.056396 0.12245899999999998
       
TRITEX 294.88620000 193.04067000 58.89303000 0.330488 0.93927
       294.88614000 314.90574000 141.20868000 0.973533 0.10188200000000003
       294.88620000 314.90574000 21.49851000 0.056396 0.12245899999999998
       
TRITEX 294.88620000 193.04067000 58.89303000 0.330488 0.93927
       294.88620000 193.04067000 100.69785000 0.69094 0.957975
       294.88614000 314.90574000 141.20868000 0.973533 0.10188200000000003
       

TEXTURE entrance_uni1
TRITEX 317.07282000 113.13615000 317.00484000 0.0 1.0
       418.63392000 113.13615000 220.06449000 1.0 0.0
       317.07282000 113.13615000 220.06449000 1.0 1.0
       
TRITEX 317.07282000 113.13615000 317.00484000 0.0 1.0
       418.63392000 113.13615000 317.00484000 0.0 0.0
       418.63392000 113.13615000 220.06449000 1.0 0.0
       
TRITEX 418.63392000 -6.86385000 220.06449000 0.0 0.0
       317.07282000 -6.86385000 317.00484000 1.0 1.0
       317.07282000 -6.86385000 220.06449000 0.0 1.0
       
TRITEX 418.63392000 -6.86385000 220.06449000 0.0 0.0
       418.63392000 -6.86385000 317.00484000 1.0 0.0
       317.07282000 -6.86385000 317.00484000 1.0 1.0
       
TRITEX -196.54032000 -6.86385000 -399.29565000 0.0 1.0
       -196.54032000 113.13615000 -297.73452000 1.0 0.0
       -196.54032000 -6.86385000 -297.73452000 1.0 1.0
       
TRITEX -196.54032000 -6.86385000 -399.29565000 0.0 1.0
       -196.54032000 113.13615000 -399.29565000 0.0 0.0
       -196.54032000 113.13615000 -297.73452000 1.0 0.0
       
TRITEX -196.54032000 113.13615000 -399.29565000 1.0 0.0
       -293.48070000 -6.86385000 -399.29565000 0.0 1.0
       -293.48070000 113.13615000 -399.29565000 0.0 0.0
       
TRITEX -196.54032000 113.13615000 -399.29565000 1.0 0.0
       -196.54032000 -6.86385000 -399.29565000 1.0 1.0
       -293.48070000 -6.86385000 -399.29565000 0.0 1.0
       
TRITEX -196.54032000 113.13615000 -297.73452000 1.0 0.0
       -293.48070000 113.13615000 -399.29565000 0.0 1.0
       -293.48070000 113.13615000 -297.73452000 0.0 0.0
       
TRITEX -196.54032000 113.13615000 -297.73452000 1.0 0.0
       -196.54032000 113.13615000 -399.29565000 1.0 1.0
       -293.48070000 113.13615000 -399.29565000 0.0 1.0
       
TRITEX -196.54032000 -6.86385000 -297.73452000 0.0 0.0
       -293.48070000 -6.86385000 -399.29565000 1.0 1.0
       -196.54032000 -6.86385000 -399.29565000 0.0 1.0
       
TRITEX -196.54032000 -6.86385000 -297.73452000 0.0 0.0
       -293.48070000 -6.86385000 -297.73452000 1.0 0.0
       -293.48070000 -6.86385000 -399.29565000 1.0 1.0
       
TRITEX 418.63392000 113.13615000 220.06449000 1.0 0.0
       317.07282000 -6.86385000 220.06449000 0.0 1.0
       317.07282000 113.13615000 220.06449000 0.0 0.0
       
TRITEX 418.63392000 113.13615000 220.06449000 1.0 0.0
       418.63392000 -6.86385000 220.06449000 1.0 1.0
       317.07282000 -6.86385000 220.06449000 0.0 1.0
       
TRITEX 418.63392000 -6.86385000 220.06449000 0.0 1.0
       418.63392000 113.13615000 317.00484000 1.0 0.0
       418.63392000 -6.86385000 317.00484000 1.0 1.0
       
TRITEX 418.63392000 -6.86385000 220.06449000 0.0 1.0
       418.63392000 113.13615000 220.06449000 0.0 0.0
       418.63392000 113.13615000 317.00484000 1.0 0.0
       
TRITEX -195.83925000 287.82954000 -399.29565000 1.0 0.0
       -269.07027000 193.20210000 -297.73452000 0.0 1.0
       -195.83925000 287.82954000 -297.73452000 0.0 0.0
       
TRITEX -195.83925000 287.82954000 -399.29565000 1.0 0.0
       -269.07027000 193.20210000 -399.29565000 1.0 1.0
       -269.07027000 193.20210000 -297.73452000 0.0 1.0
       
TRITEX 317.07282000 287.82954000 219.36342000 1.0 0.0
       418.63392000 193.20210000 292.59441000 0.0 1.0
       418.63392000 287.82954000 219.36342000 0.0 0.0
       
TRITEX 317.07282000 287.82954000 219.36342000 1.0 0.0
       317.07282000 193.20210000 292.59441000 1.0 1.0
       418.63392000 193.20210000 292.59441000 0.0 1.0
       
TRITEX 418.63392000 287.82954000 219.36342000 1.0 0.0
       418.63392000 146.31669000 211.81707000 0.0 1.0
       418.63386000 250.43499000 150.70311000 0.0 0.0
       
TRITEX 418.63392000 287.82954000 219.36342000 1.0 0.0
       418.63392000 193.20210000 292.59441000 1.0 1.0
       418.63392000 146.31669000 211.81707000 0.0 1.0
       
TRITEX 418.63386000 250.43499000 150.70311000 1.0 0.0
       317.07282000 146.31669000 211.81707000 0.0 1.0
       317.07276000 250.43499000 150.70311000 0.0 0.0
       
TRITEX 418.63386000 250.43499000 150.70311000 1.0 0.0
       418.63392000 146.31669000 211.81707000 1.0 1.0
       317.07282000 146.31669000 211.81707000 0.0 1.0
       
TRITEX 317.07276000 250.43499000 150.70311000 1.0 0.0
       317.07282000 193.20210000 292.59441000 0.0 1.0
       317.07282000 287.82954000 219.36342000 0.0 0.0
       
TRITEX 317.07276000 250.43499000 150.70311000 1.0 0.0
       317.07282000 146.31669000 211.81707000 1.0 1.0
       317.07282000 193.20210000 292.59441000 0.0 1.0
       
TRITEX 418.63386000 250.43499000 150.70311000 1.0 0.0
       317.07282000 287.82954000 219.36342000 0.0 1.0
       418.63392000 287.82954000 219.36342000 0.0 0.0
       
TRITEX 418.63386000 250.43499000 150.70311000 1.0 0.0
       317.07276000 250.43499000 150.70311000 1.0 1.0
       317.07282000 287.82954000 219.36342000 0.0 1.0
       
TRITEX 418.63392000 146.31669000 211.81707000 0.0 0.0
       317.07282000 193.20210000 292.59441000 1.0 1.0
       317.07282000 146.31669000 211.81707000 0.0 1.0
       
TRITEX 418.63392000 146.31669000 211.81707000 0.0 0.0
       418.63392000 193.20210000 292.59441000 1.0 0.0
       317.07282000 193.20210000 292.59441000 1.0 1.0
       
TRITEX -195.83925000 287.82954000 -297.73452000 1.0 0.0
       -188.29290000 146.31669000 -297.73452000 0.0 1.0
       -127.17894000 250.43499000 -297.73452000 0.0 0.0
       
TRITEX -195.83925000 287.82954000 -297.73452000 1.0 0.0
       -269.07027000 193.20210000 -297.73452000 1.0 1.0
       -188.29290000 146.31669000 -297.73452000 0.0 1.0
       
TRITEX -127.17894000 250.43499000 -297.73452000 1.0 0.0
       -188.29290000 146.31669000 -399.29565000 0.0 1.0
       -127.17894000 250.43499000 -399.29565000 0.0 0.0
       
TRITEX -127.17894000 250.43499000 -297.73452000 1.0 0.0
       -188.29290000 146.31669000 -297.73452000 1.0 1.0
       -188.29290000 146.31669000 -399.29565000 0.0 1.0
       
TRITEX -127.17894000 250.43499000 -399.29565000 1.0 0.0
       -269.07027000 193.20210000 -399.29565000 0.0 1.0
       -195.83925000 287.82954000 -399.29565000 0.0 0.0
       
TRITEX -127.17894000 250.43499000 -399.29565000 1.0 0.0
       -188.29290000 146.31669000 -399.29565000 1.0 1.0
       -269.07027000 193.20210000 -399.29565000 0.0 1.0
       
TRITEX -127.17894000 250.43499000 -297.73452000 1.0 0.0
       -195.83925000 287.82954000 -399.29565000 0.0 1.0
       -195.83925000 287.82954000 -297.73452000 0.0 0.0
       
TRITEX -127.17894000 250.43499000 -297.73452000 1.0 0.0
       -127.17894000 250.43499000 -399.29565000 1.0 1.0
       -195.83925000 287.82954000 -399.29565000 0.0 1.0
       
TRITEX -188.29290000 146.31669000 -297.73452000 0.0 0.0
       -269.07027000 193.20210000 -399.29565000 1.0 1.0
       -188.29290000 146.31669000 -399.29565000 0.0 1.0
       
TRITEX -188.29290000 146.31669000 -297.73452000 0.0 0.0
       -269.07027000 193.20210000 -297.73452000 1.0 0.0
       -269.07027000 193.20210000 -399.29565000 1.0 1.0
       
TRITEX 173.70696000 -6.86385000 -297.73452000 0.0 1.0
       173.70696000 113.13615000 -399.29565000 1.0 0.0
       173.70696000 113.13615000 -297.73452000 0.0 0.0
       
TRITEX 173.70696000 -6.86385000 -297.73452000 0.0 1.0
       173.70696000 -6.86385000 -399.29565000 1.0 1.0
       173.70696000 113.13615000 -399.29565000 1.0 0.0
       
TRITEX 418.63386000 -6.86385000 -150.18279000 0.0 1.0
       317.07276000 113.13615000 -150.18279000 1.0 0.0
       418.63386000 113.13615000 -150.18279000 0.0 0.0
       
TRITEX 418.63386000 -6.86385000 -150.18279000 0.0 1.0
       317.07276000 -6.86385000 -150.18279000 1.0 1.0
       317.07276000 113.13615000 -150.18279000 1.0 0.0
       
TRITEX 317.07282000 113.13615000 317.00484000 1.0 0.0
       418.63392000 -6.86385000 317.00484000 0.0 1.0
       418.63392000 113.13615000 317.00484000 0.0 0.0
       
TRITEX 317.07282000 113.13615000 317.00484000 1.0 0.0
       317.07282000 -6.86385000 317.00484000 1.0 1.0
       418.63392000 -6.86385000 317.00484000 0.0 1.0
       
TRITEX 418.63386000 -6.86385000 -53.24247000 0.0 1.0
       418.63386000 113.13615000 -150.18279000 1.0 0.0
       418.63386000 113.13615000 -53.24247000 0.0 0.0
       
TRITEX 418.63386000 -6.86385000 -53.24247000 0.0 1.0
       418.63386000 -6.86385000 -150.18279000 1.0 1.0
       418.63386000 113.13615000 -150.18279000 1.0 0.0
       
TRITEX 317.07276000 -6.86385000 -53.24241000 0.0 1.0
       418.63386000 113.13615000 -53.24247000 1.0 0.0
       317.07276000 113.13615000 -53.24241000 0.0 0.0
       
TRITEX 317.07276000 -6.86385000 -53.24241000 0.0 1.0
       418.63386000 -6.86385000 -53.24247000 1.0 1.0
       418.63386000 113.13615000 -53.24247000 1.0 0.0
       
TRITEX 317.07276000 -6.86385000 -150.18279000 0.0 1.0
       317.07276000 113.13615000 -53.24241000 1.0 0.0
       317.07276000 113.13615000 -150.18279000 0.0 0.0
       
TRITEX 317.07276000 -6.86385000 -150.18279000 0.0 1.0
       317.07276000 -6.86385000 -53.24241000 1.0 1.0
       317.07276000 113.13615000 -53.24241000 1.0 0.0
       
TRITEX 317.07276000 113.13615000 -150.18279000 0.0 1.0
       418.63386000 113.13615000 -53.24247000 1.0 0.0
       418.63386000 113.13615000 -150.18279000 0.0 0.0
       
TRITEX 317.07276000 113.13615000 -150.18279000 0.0 1.0
       317.07276000 113.13615000 -53.24241000 1.0 1.0
       418.63386000 113.13615000 -53.24247000 1.0 0.0
       
TRITEX 317.07276000 -6.86385000 -150.18279000 1.0 1.0
       418.63386000 -6.86385000 -53.24247000 0.0 0.0
       317.07276000 -6.86385000 -53.24241000 0.0 1.0
       
TRITEX 317.07276000 -6.86385000 -150.18279000 1.0 1.0
       418.63386000 -6.86385000 -150.18279000 1.0 0.0
       418.63386000 -6.86385000 -53.24247000 0.0 0.0
       
TRITEX 76.76661000 -6.86385000 -297.73452000 0.0 1.0
       173.70696000 113.13615000 -297.73452000 1.0 0.0
       76.76661000 113.13615000 -297.73452000 0.0 0.0
       
TRITEX 76.76661000 -6.86385000 -297.73452000 0.0 1.0
       173.70696000 -6.86385000 -297.73452000 1.0 1.0
       173.70696000 113.13615000 -297.73452000 1.0 0.0
       
TRITEX 76.76661000 -6.86385000 -399.29565000 0.0 1.0
       76.76661000 113.13615000 -297.73452000 1.0 0.0
       76.76661000 113.13615000 -399.29565000 0.0 0.0
       
TRITEX 76.76661000 -6.86385000 -399.29565000 0.0 1.0
       76.76661000 -6.86385000 -297.73452000 1.0 1.0
       76.76661000 113.13615000 -297.73452000 1.0 0.0
       
TRITEX 173.70696000 -6.86385000 -399.29565000 0.0 1.0
       76.76661000 113.13615000 -399.29565000 1.0 0.0
       173.70696000 113.13615000 -399.29565000 0.0 0.0
       
TRITEX 173.70696000 -6.86385000 -399.29565000 0.0 1.0
       76.76661000 -6.86385000 -399.29565000 1.0 1.0
       76.76661000 113.13615000 -399.29565000 1.0 0.0
       
TRITEX 173.70696000 113.13615000 -399.29565000 0.0 1.0
       76.76661000 113.13615000 -297.73452000 1.0 0.0
       173.70696000 113.13615000 -297.73452000 0.0 0.0
       
TRITEX 173.70696000 113.13615000 -399.29565000 0.0 1.0
       76.76661000 113.13615000 -399.29565000 1.0 1.0
       76.76661000 113.13615000 -297.73452000 1.0 0.0
       
TRITEX 173.70696000 -6.86385000 -399.29565000 1.0 1.0
       76.76661000 -6.86385000 -297.73452000 0.0 0.0
       76.76661000 -6.86385000 -399.29565000 0.0 1.0
       
TRITEX 173.70696000 -6.86385000 -399.29565000 1.0 1.0
       173.70696000 -6.86385000 -297.73452000 1.0 0.0
       76.76661000 -6.86385000 -297.73452000 0.0 0.0
       
TRITEX 418.63386000 193.20210000 -125.77242000 0.0 1.0
       317.07276000 287.82954000 -52.54134000 1.0 0.0
       418.63386000 287.82954000 -52.54134000 0.0 0.0
       
TRITEX 418.63386000 193.20210000 -125.77242000 0.0 1.0
       317.07276000 193.20210000 -125.77242000 1.0 1.0
       317.07276000 287.82954000 -52.54134000 1.0 0.0
       
TRITEX 418.63386000 146.31669000 -44.99499000 0.0 1.0
       418.63386000 287.82954000 -52.54134000 1.0 0.0
       418.63386000 250.43499000 16.11891000 0.0 0.0
       
TRITEX 418.63386000 146.31669000 -44.99499000 0.0 1.0
       418.63386000 193.20210000 -125.77242000 1.0 1.0
       418.63386000 287.82954000 -52.54134000 1.0 0.0
       
TRITEX 317.07276000 146.31669000 -44.99499000 0.0 1.0
       418.63386000 250.43499000 16.11891000 1.0 0.0
       317.07276000 250.43499000 16.11897000 0.0 0.0
       
TRITEX 317.07276000 146.31669000 -44.99499000 0.0 1.0
       418.63386000 146.31669000 -44.99499000 1.0 1.0
       418.63386000 250.43499000 16.11891000 1.0 0.0
       
TRITEX 317.07276000 193.20210000 -125.77242000 0.0 1.0
       317.07276000 250.43499000 16.11897000 1.0 0.0
       317.07276000 287.82954000 -52.54134000 0.0 0.0
       
TRITEX 317.07276000 193.20210000 -125.77242000 0.0 1.0
       317.07276000 146.31669000 -44.99499000 1.0 1.0
       317.07276000 250.43499000 16.11897000 1.0 0.0
       
TRITEX 317.07276000 287.82954000 -52.54134000 0.0 1.0
       418.63386000 250.43499000 16.11891000 1.0 0.0
       418.63386000 287.82954000 -52.54134000 0.0 0.0
       
TRITEX 317.07276000 287.82954000 -52.54134000 0.0 1.0
       317.07276000 250.43499000 16.11897000 1.0 1.0
       418.63386000 250.43499000 16.11891000 1.0 0.0
       
TRITEX 317.07276000 193.20210000 -125.77242000 1.0 1.0
       418.63386000 146.31669000 -44.99499000 0.0 0.0
       317.07276000 146.31669000 -44.99499000 0.0 1.0
       
TRITEX 317.07276000 193.20210000 -125.77242000 1.0 1.0
       418.63386000 193.20210000 -125.77242000 1.0 0.0
       418.63386000 146.31669000 -44.99499000 0.0 0.0
       
TRITEX 149.29656000 193.20210000 -297.73452000 0.0 1.0
       76.06551000 287.82954000 -399.29565000 1.0 0.0
       76.06551000 287.82954000 -297.73452000 0.0 0.0
       
TRITEX 149.29656000 193.20210000 -297.73452000 0.0 1.0
       149.29656000 193.20210000 -399.29565000 1.0 1.0
       76.06551000 287.82954000 -399.29565000 1.0 0.0
       
TRITEX 68.51916000 146.31669000 -297.73452000 0.0 1.0
       76.06551000 287.82954000 -297.73452000 1.0 0.0
       7.40520000 250.43499000 -297.73452000 0.0 0.0
       
TRITEX 68.51916000 146.31669000 -297.73452000 0.0 1.0
       149.29656000 193.20210000 -297.73452000 1.0 1.0
       76.06551000 287.82954000 -297.73452000 1.0 0.0
       
TRITEX 68.51916000 146.31669000 -399.29565000 0.0 1.0
       7.40520000 250.43499000 -297.73452000 1.0 0.0
       7.40520000 250.43499000 -399.29565000 0.0 0.0
       
TRITEX 68.51916000 146.31669000 -399.29565000 0.0 1.0
       68.51916000 146.31669000 -297.73452000 1.0 1.0
       7.40520000 250.43499000 -297.73452000 1.0 0.0
       
TRITEX 149.29656000 193.20210000 -399.29565000 0.0 1.0
       7.40520000 250.43499000 -399.29565000 1.0 0.0
       76.06551000 287.82954000 -399.29565000 0.0 0.0
       
TRITEX 149.29656000 193.20210000 -399.29565000 0.0 1.0
       68.51916000 146.31669000 -399.29565000 1.0 1.0
       7.40520000 250.43499000 -399.29565000 1.0 0.0
       
TRITEX 76.06551000 287.82954000 -399.29565000 0.0 1.0
       7.40520000 250.43499000 -297.73452000 1.0 0.0
       76.06551000 287.82954000 -297.73452000 0.0 0.0
       
TRITEX 76.06551000 287.82954000 -399.29565000 0.0 1.0
       7.40520000 250.43499000 -399.29565000 1.0 1.0
       7.40520000 250.43499000 -297.73452000 1.0 0.0
       
TRITEX 317.07282000 -6.86385000 317.00484000 0.0 1.0
       317.07282000 113.13615000 220.06449000 1.0 0.0
       317.07282000 -6.86385000 220.06449000 1.0 1.0
       
TRITEX 317.07282000 -6.86385000 317.00484000 0.0 1.0
       317.07282000 113.13615000 317.00484000 0.0 0.0
       317.07282000 113.13615000 220.06449000 1.0 0.0
       
TRITEX 149.29656000 193.20210000 -399.29565000 1.0 1.0
       68.51916000 146.31669000 -297.73452000 0.0 0.0
       68.51916000 146.31669000 -399.29565000 0.0 1.0
       
TRITEX 149.29656000 193.20210000 -399.29565000 1.0 1.0
       149.29656000 193.20210000 -297.73452000 1.0 0.0
       68.51916000 146.31669000 -297.73452000 0.0 0.0
       
TRITEX -293.48070000 113.13615000 -399.29565000 1.0 0.0
       -293.48070000 -6.86385000 -297.73452000 0.0 1.0
       -293.48070000 113.13615000 -297.73452000 0.0 0.0
       
TRITEX -293.48070000 113.13615000 -399.29565000 1.0 0.0
       -293.48070000 -6.86385000 -399.29565000 1.0 1.0
       -293.48070000 -6.86385000 -297.73452000 0.0 1.0
       
TRITEX -293.48070000 113.13615000 -297.73452000 1.0 0.0
       -196.54032000 -6.86385000 -297.73452000 0.0 1.0
       -196.54032000 113.13615000 -297.73452000 0.0 0.0
       
TRITEX -293.48070000 113.13615000 -297.73452000 1.0 0.0
       -293.48070000 -6.86385000 -297.73452000 1.0 1.0
       -196.54032000 -6.86385000 -297.73452000 0.0 1.0
       

TEXTURE corridor07
TRITEX 37.33974000 177.50961000 -287.98188000 1.0 0.0
       68.28513000 61.56834000 -407.98188000 0.0 1.0
       68.28513000 61.56834000 -287.98188000 1.0 1.0
       
TRITEX 37.33974000 177.50961000 -287.98188000 1.0 0.0
       37.33974000 177.50961000 -407.98188000 0.0 0.0
       68.28513000 61.56834000 -407.98188000 0.0 1.0
       
TRITEX -188.05887000 61.56834000 -407.98188000 0.0 1.0
       -157.11348000 177.50961000 -287.98188000 1.0 0.0
       -188.05887000 61.56834000 -287.98188000 1.0 1.0
       
TRITEX -188.05887000 61.56834000 -407.98188000 0.0 1.0
       -157.11348000 177.50961000 -407.98188000 0.0 0.0
       -157.11348000 177.50961000 -287.98188000 1.0 0.0
       
TRITEX 428.38656000 177.50961000 180.63765000 1.0 0.0
       308.38656000 61.56834000 211.58304000 0.0 1.0
       308.38653000 177.50961000 180.63765000 0.0 0.0
       
TRITEX 428.38656000 177.50961000 180.63765000 1.0 0.0
       428.38656000 61.56834000 211.58304000 1.0 1.0
       308.38656000 61.56834000 211.58304000 0.0 1.0
       
TRITEX 308.38653000 61.56834000 -44.76096000 0.0 1.0
       428.38656000 177.50961000 -13.81557000 1.0 0.0
       308.38653000 177.50961000 -13.81557000 0.0 0.0
       
TRITEX 308.38653000 61.56834000 -44.76096000 0.0 1.0
       428.38656000 61.56834000 -44.76096000 1.0 1.0
       428.38656000 177.50961000 -13.81557000 1.0 0.0
       

TEXTURE corridor04
       
TRITEX 375.04485000 312.96678000 407.50002000 1.499001 -0.49900100000000003
       -429.46425000 312.96678000 407.50002000 -0.499001 -0.49900100000000003
       375.04485000 312.96678000 -341.24313000 1.499001 1.499001
       
TRITEX 375.04485000 312.96678000 -341.24313000 1.499001 1.499001
       -429.46425000 312.96678000 407.50002000 -0.499001 -0.49900100000000003
       -429.46425000 312.96678000 -341.24313000 -0.499 1.499001
       
       

TEXTURE corridor08
TRITEX -365.41740000 358.90422000 96.93819000 -1.997502 0.0004990000000000272
       360.20754000 214.82109000 241.02132000 2.997502 0.999501
       -365.41740000 214.82112000 241.02132000 -1.997502 0.999499
       
TRITEX -365.41740000 358.90422000 96.93819000 -1.997502 0.0004990000000000272
       360.20760000 358.90422000 96.93825000 2.997502 0.0005009999999999737
       360.20754000 214.82109000 241.02132000 2.997502 0.999501
       
TRITEX 365.85732000 265.85262000 -50.18793000 -0.499001 0.0004999999999999449
       109.50630000 79.85733000 -374.82708000 1.499001 0.9995
       401.35407000 79.85736000 -84.82914000 -0.499001 0.9995
       
TRITEX 365.85732000 265.85262000 -50.18793000 -0.499001 0.0004999999999999449
       74.00952000 265.85259000 -340.18587000 1.499001 0.0004999999999999449
       109.50630000 79.85733000 -374.82708000 1.499001 0.9995
       
TRITEX -66.41226000 358.90422000 -344.93214000 -1.997502 0.0004990000000000272
       -66.41235000 358.90422000 380.69280000 2.997502 0.0005009999999999737
       -210.49548000 214.82109000 380.69280000 2.997502 0.999501
       
TRITEX -66.41226000 358.90422000 -344.93214000 -1.997502 0.0004990000000000272
       -210.49548000 214.82109000 380.69280000 2.997502 0.999501
       -210.49539000 214.82112000 -344.93214000 -1.997502 0.999499
       
TRITEX -246.06708000 79.99071000 -344.73987000 2.997503 0.9995
       -196.46832000 265.98597000 380.88519000 -1.997502 0.0004999999999999449
       -246.06708000 79.99071000 380.88519000 -1.997502 0.9995
       
TRITEX 393.07347000 80.79486000 -76.74807000 1.499001 0.09456799999999999
       191.67141000 80.79486000 -451.08192000 -0.499001 0.999499
       103.19001000 80.79483000 -364.73316000 -0.499001 0.09456699999999996
       
TRITEX 393.07347000 80.79486000 -76.74807000 1.499001 0.09456799999999999
       481.55490000 80.79489000 -163.09683000 1.499001 0.9995
       191.67141000 80.79486000 -451.08192000 -0.499001 0.999499
       
TRITEX 369.85473000 80.92821000 387.41094000 2.997502 0.9995
       369.54837000 80.92821000 263.77848000 2.997502 0.09456799999999999
       -352.95546000 80.92821000 389.20218000 -1.997502 0.999499
       
TRITEX -352.95546000 80.92821000 389.20218000 -1.997502 0.999499
       369.54837000 80.92821000 263.77848000 2.997502 0.09456799999999999
       -353.26188000 80.92821000 265.56975000 -1.997502 0.09456699999999996
       
TRITEX -196.46835000 265.98597000 -344.73987000 2.997503 0.0004999999999999449
       -196.46832000 265.98597000 380.88519000 -1.997502 0.0004999999999999449
       -246.06708000 79.99071000 -344.73987000 2.997503 0.9995
       
TRITEX -358.12959000 80.92821000 -341.92737000 -1.997502 0.999499
       -234.49677000 80.92821000 380.88519000 2.997502 0.09456799999999999
       -234.49680000 80.92821000 -341.92737000 -1.997502 0.09456699999999996
       
TRITEX -356.16864000 265.98597000 227.54844000 2.997503 0.0004999999999999449
       369.45414000 265.98597000 225.75018000 -1.997502 0.0004999999999999449
       -356.04573000 79.99071000 277.14702000 2.997503 0.9995
       
TRITEX 290.38875000 358.29483000 9.31992000 -0.499001 0.0004990000000000272
       127.86681000 214.21170000 -360.25605000 1.499001 0.999501
       393.50601000 214.21170000 -91.31193000 -0.499001 0.999499
       
TRITEX 290.38875000 358.29483000 9.31992000 -0.499001 0.0004990000000000272
       24.74949000 358.29483000 -259.62417000 1.499001 0.0005009999999999737
       127.86681000 214.21170000 -360.25605000 1.499001 0.999501
       
TRITEX -356.04573000 79.99071000 277.14702000 2.997503 0.9995
       369.45414000 265.98597000 225.75018000 -1.997502 0.0004999999999999449
       369.57705000 79.99071000 275.34873000 -1.997502 0.9995
       
TRITEX -358.12959000 80.92821000 380.88519000 2.997502 0.9995
       -234.49677000 80.92821000 380.88519000 2.997502 0.09456799999999999
       -358.12959000 80.92821000 -341.92737000 -1.997502 0.999499
       

TEXTURE corridor09
TRITEX -353.29377000 36.86571000 252.71823000 7.542956 0.999501
       369.54837000 80.92821000 263.77848000 -6.542956 0.0004990000000000272
       369.51651000 36.86571000 250.92693000 -6.542956 0.999501
       
TRITEX -234.49680000 80.92821000 -341.92737000 7.542956 0.0004990000000000272
       -234.49677000 80.92821000 380.88519000 -6.542956 0.0004990000000000272
       -221.64522000 36.86571000 -341.92737000 7.542956 0.999501
       
TRITEX 393.07347000 80.79486000 -76.74807000 -2.996503 0.0004990000000000272
       93.99240000 36.73233000 -355.75728000 3.996503 0.999501
       383.87586000 36.73239000 -67.77216000 -2.996503 0.999501
       
TRITEX -353.26188000 80.92821000 265.56975000 7.542956 0.0004990000000000272
       369.54837000 80.92821000 263.77848000 -6.542956 0.0004990000000000272
       -353.29377000 36.86571000 252.71823000 7.542956 0.999501
       
TRITEX 393.07347000 80.79486000 -76.74807000 -2.996503 0.0004990000000000272
       103.19001000 80.79483000 -364.73316000 3.996503 0.0004990000000000272
       93.99240000 36.73233000 -355.75728000 3.996503 0.999501
       
TRITEX -221.64522000 36.86571000 -341.92737000 7.542956 0.999501
       -234.49677000 80.92821000 380.88519000 -6.542956 0.0004990000000000272
       -221.64519000 36.86571000 380.88519000 -6.542956 0.999501
       

TEXTURE corridor01
TRITEX -446.95062000 24.21678000 -339.98457000 0.900756 -0.41885799999999995
       364.03737000 24.21678000 -339.98457000 0.902121 1.079361
       -446.95056000 24.21678000 413.24679000 0.096514 -0.4188590000000001
       
TRITEX -446.95056000 24.21678000 413.24679000 0.096514 -0.4188590000000001
       364.03737000 24.21678000 -339.98457000 0.902121 1.079361
       364.03737000 24.21678000 413.24679000 0.097879 1.079361
       
TRITEX -446.95056000 37.34178000 413.24679000 -0.333003 -0.418439
       364.03737000 37.34178000 -339.98457000 1.250906 1.081231
       -446.95062000 37.34178000 -339.98457000 1.251966 -0.4181999999999999
       
TRITEX 364.03737000 24.21678000 413.24679000 0.9995 0.999501
       364.03737000 37.34178000 413.24679000 0.9995 0.0004990000000000272
       -446.95056000 24.21678000 413.24679000 0.0005 0.999501
       
TRITEX -446.95056000 24.21678000 413.24679000 0.0005 0.999501
       364.03737000 37.34178000 413.24679000 0.9995 0.0004990000000000272
       -446.95056000 37.34178000 413.24679000 0.0005 0.0004990000000000272
       
TRITEX -446.95062000 37.34178000 -339.98457000 0.9995 0.0004990000000000272
       364.03737000 37.34178000 -339.98457000 0.0005 0.0004990000000000272
       -446.95062000 24.21678000 -339.98457000 0.9995 0.999501
       
TRITEX -446.95062000 24.21678000 -339.98457000 0.9995 0.999501
       364.03737000 37.34178000 -339.98457000 0.0005 0.0004990000000000272
       364.03737000 24.21678000 -339.98457000 0.0005 0.999501
       
TRITEX -446.95056000 37.34178000 413.24679000 0.9995 0.0004990000000000272
       -446.95062000 37.34178000 -339.98457000 0.0005 0.0004990000000000272
       -446.95056000 24.21678000 413.24679000 0.9995 0.999501
       
TRITEX -446.95056000 24.21678000 413.24679000 0.9995 0.999501
       -446.95062000 37.34178000 -339.98457000 0.0005 0.0004990000000000272
       -446.95062000 24.21678000 -339.98457000 0.0005 0.999501
       
TRITEX 364.03737000 24.21678000 -339.98457000 0.9995 0.999501
       364.03737000 37.34178000 -339.98457000 0.9995 0.0004990000000000272
       364.03737000 24.21678000 413.24679000 0.0005 0.999501
       
TRITEX 364.03737000 24.21678000 413.24679000 0.0005 0.999501
       364.03737000 37.34178000 -339.98457000 0.9995 0.0004990000000000272
       364.03737000 37.34178000 413.24679000 0.0005 0.0004990000000000272
       
TRITEX 364.03737000 37.34178000 413.24679000 -0.331638 1.079781
       364.03737000 37.34178000 -339.98457000 1.250906 1.081231
       -446.95056000 37.34178000 413.24679000 -0.333003 -0.418439


OBJECT 183 CORRIDOR01


TEXTURE corridor01
TRITEX -367.98024 24.21678 -208.62789 0.900756 -0.41885799999999995
       354.83226 24.21678 -208.62789 0.902121 1.079361
       -367.98024 24.21678 212.30961 0.096514 -0.4188590000000001
       
TRITEX -367.98024 24.21678 212.30961 0.096514 -0.4188590000000001
       354.83226 24.21678 -208.62789 0.902121 1.079361
       354.83226 24.21678 212.30961 0.097879 1.079361
       
TRITEX 354.83226 37.34178 212.30961 0.097879 1.079361
       354.83226 37.34178 -208.62789 0.902121 1.079361
       -367.98024 37.34178 212.30961 0.096514 -0.4188590000000001
       
TRITEX -367.98024 37.34178 212.30961 0.096514 -0.4188590000000001
       354.83226 37.34178 -208.62789 0.902121 1.079361
       -367.98024 37.34178 -208.62789 0.900756 -0.41885799999999995
       
       

TEXTURE corridor04
       
       
       
       
TRITEX 357.64476 312.96677999999997 81.99710999999999 0.9995 0.0004990000000000272
       -371.73024 312.96677999999997 81.99710999999999 0.0005 0.0004999999999999449
       357.64476 312.96677999999997 -96.12789000000001 0.999501 0.9995
       
TRITEX 357.64476 312.96677999999997 -96.12789000000001 0.999501 0.9995
       -371.73024 312.96677999999997 81.99710999999999 0.0005 0.0004999999999999449
       -371.73024 312.96677999999997 -96.12789000000001 0.0005 0.999501
       
       
       
TRITEX -369.85524 37.341809999999995 166.76271 0.0005 0.0005009999999999737
       352.95723 37.34178 166.76277000000002 0.9995 0.0004990000000000272
       352.9572 37.34178 303.24714 0.9995 0.999499
       
TRITEX -369.85524 37.341809999999995 166.76271 0.0005 0.0005009999999999737
       352.9572 37.34178 303.24714 0.9995 0.999499
       -369.85524 37.341809999999995 303.24708 0.0005 0.9995
       
TRITEX -369.85524 80.46681000000001 302.84175 0.0005 0.999501
       -369.85524 80.46681000000001 191.1846 0.0005 0.307771
       355.76973 80.46678 191.18466 0.9995 0.30777
       
TRITEX -369.85524 80.46681000000001 302.84175 0.0005 0.999501
       355.76973 80.46678 191.18466 0.9995 0.30777
       355.7697 80.46678 302.84181 0.9995 0.9995
       

TEXTURE corridor08
TRITEX -369.85521 266.46207 141.58584000000002 -1.997502 0.0004999999999999449
       355.76973 266.46204 141.58589999999998 2.997503 0.0004999999999999449
       355.76973 80.46678 191.18466 2.997503 0.9995
       
TRITEX -369.85524 81.40428 -296.75286 2.997502 0.9995
       -369.85524 81.40428 -173.12007 2.997502 0.09456799999999999
       352.95726 81.40428 -296.75286 -1.997502 0.999499
       
TRITEX 352.95726 81.40428 -296.75286 -1.997502 0.999499
       -369.85524 81.40428 -173.12007 2.997502 0.09456799999999999
       352.95726 81.40428 -173.12007 -1.997502 0.09456699999999996
       
TRITEX -369.85524 81.40431000000001 179.61428999999998 2.997502 0.09456799999999999
       352.9572 81.40428 303.24714 -1.997502 0.999499
       352.95723 81.40428 179.61435 -1.997502 0.09456699999999996
       
TRITEX -369.85524 81.40431000000001 179.61428999999998 2.997502 0.09456799999999999
       -369.85524 81.40431000000001 303.24708 2.997502 0.9995
       352.9572 81.40428 303.24714 -1.997502 0.999499
       
TRITEX 355.76976 214.82115 -150.21102 2.997502 0.999501
       -369.85524 358.90427999999997 -6.12789 -1.997502 0.0004990000000000272
       -369.85524 214.82115 -150.21102 -1.997502 0.999499
       
TRITEX 355.76976 358.90427999999997 -6.12789 2.997502 0.0005009999999999737
       -369.85524 358.90427999999997 -6.12789 -1.997502 0.0004990000000000272
       355.76976 214.82115 -150.21102 2.997502 0.999501
       
TRITEX 355.76976 80.46678 -184.69038 2.997503 0.9995
       -369.85524 266.46207 -135.09165 -1.997502 0.0004999999999999449
       -369.85524 80.46678 -184.69038 -1.997502 0.9995
       
TRITEX -369.85521 358.90427999999997 12.622050000000002 -1.997502 0.0004990000000000272
       355.76976 358.90422 12.622110000000001 2.997502 0.0005009999999999737
       355.76973 214.82112 156.70526999999998 2.997502 0.999501
       
TRITEX -369.85521 358.90427999999997 12.622050000000002 -1.997502 0.0004990000000000272
       355.76973 214.82112 156.70526999999998 2.997502 0.999501
       -369.85521 214.82115 156.70521 -1.997502 0.999499
       
TRITEX 355.76976 266.46207 -135.09165 2.997503 0.0004999999999999449
       -369.85524 266.46207 -135.09165 -1.997502 0.0004999999999999449
       355.76976 80.46678 -184.69038 2.997503 0.9995
       
TRITEX -369.85521 266.46207 141.58584000000002 -1.997502 0.0004999999999999449
       355.76973 80.46678 191.18466 2.997503 0.9995
       -369.85524 80.46681000000001 191.1846 -1.997502 0.9995
       

TEXTURE corridor09
TRITEX -369.85524 81.40431000000001 179.61428999999998 -6.542956 0.0004990000000000272
       352.95723 81.40428 179.61435 7.542956 0.0004990000000000272
       352.95723 37.34178 166.76277000000002 7.542956 0.999501
       
TRITEX -369.85524 81.40431000000001 179.61428999999998 -6.542956 0.0004990000000000272
       352.95723 37.34178 166.76277000000002 7.542956 0.999501
       -369.85524 37.341809999999995 166.76271 -6.542956 0.999501
       
TRITEX 352.95726 81.40428 -173.12007 7.542956 0.0004990000000000272
       -369.85524 81.40428 -173.12007 -6.542956 0.0004990000000000272
       352.95726 37.34178 -160.26852 7.542956 0.999501
       
TRITEX 352.95726 37.34178 -160.26852 7.542956 0.999501
       -369.85524 81.40428 -173.12007 -6.542956 0.0004990000000000272
       -369.85524 37.34178 -160.26852 -6.542956 0.999501


OBJECT 184 CROSSING02


TEXTURE entrance_uni2
TRITEX -3.14493000 193.04067000 -295.85757000 0.0 0.0
       38.65986000 193.04067000 -446.38995000 1.0 1.0
       38.65986000 193.04067000 -295.85757000 1.0 0.0
       
TRITEX -3.14493000 193.04067000 -295.85757000 0.0 0.0
       -3.14493000 193.04067000 -446.38995000 0.0 1.0
       38.65986000 193.04067000 -446.38995000 1.0 1.0
       
TRITEX -43.65573000 314.90577000 -295.85757000 1.0 0.0
       76.05444000 314.90577000 -446.38995000 0.0 1.0
       -43.65573000 314.90577000 -446.38995000 1.0 1.0
       
TRITEX -43.65573000 314.90577000 -295.85757000 1.0 0.0
       76.05444000 314.90577000 -295.85757000 0.0 0.0
       76.05444000 314.90577000 -446.38995000 0.0 1.0
       
TRITEX 348.46308000 290.72061000 -144.04884000 1.0 0.0
       468.46308000 188.68359000 -80.89467000 0.0 1.0
       348.46308000 188.68359000 -80.89461000 1.0 1.0
       
TRITEX 348.46308000 290.72061000 -144.04884000 1.0 0.0
       468.46308000 290.72061000 -144.04884000 0.0 0.0
       468.46308000 188.68359000 -80.89467000 0.0 1.0
       
TRITEX 468.46308000 251.83776000 21.14232000 0.0 1.0
       468.46308000 290.72061000 -144.04884000 1.0 0.0
       468.46308000 353.87478000 -42.01182000 0.0 0.0
       
TRITEX 468.46308000 251.83776000 21.14232000 0.0 1.0
       468.46308000 188.68359000 -80.89467000 1.0 1.0
       468.46308000 290.72061000 -144.04884000 1.0 0.0
       
TRITEX -43.65573000 314.90577000 -295.85757000 1.0 0.0
       -3.14493000 193.04067000 -446.38995000 0.0 1.0
       -3.14493000 193.04067000 -295.85757000 1.0 1.0
       
TRITEX -43.65573000 314.90577000 -295.85757000 1.0 0.0
       -43.65573000 314.90577000 -446.38995000 0.0 0.0
       -3.14493000 193.04067000 -446.38995000 0.0 1.0
       
TRITEX 348.46308000 251.83776000 21.14238000 0.0 1.0
       468.46308000 353.87478000 -42.01182000 1.0 0.0
       348.46308000 353.87478000 -42.01182000 0.0 0.0
       
TRITEX 348.46308000 251.83776000 21.14238000 0.0 1.0
       468.46308000 251.83776000 21.14232000 1.0 1.0
       468.46308000 353.87478000 -42.01182000 1.0 0.0
       
TRITEX 76.05444000 314.90577000 -446.38995000 1.0 0.0
       38.65986000 193.04067000 -295.85757000 0.0 1.0
       38.65986000 193.04067000 -446.38995000 1.0 1.0
       
TRITEX 76.05444000 314.90577000 -446.38995000 1.0 0.0
       76.05444000 314.90577000 -295.85757000 0.0 0.0
       38.65986000 193.04067000 -295.85757000 0.0 1.0
       
TRITEX 2.30718000 251.83776000 -312.88959000 0.0 0.0
       104.34417000 188.68359000 -432.88959000 1.0 1.0
       104.34417000 188.68359000 -312.88959000 1.0 0.0
       
TRITEX 2.30718000 251.83776000 -312.88959000 0.0 0.0
       2.30718000 251.83776000 -432.88959000 0.0 1.0
       104.34417000 188.68359000 -432.88959000 1.0 1.0
       
TRITEX 65.46135000 353.87478000 -312.88959000 1.0 0.0
       167.49837000 290.72061000 -432.88959000 0.0 1.0
       65.46135000 353.87478000 -432.88959000 1.0 1.0
       
TRITEX 65.46135000 353.87478000 -312.88959000 1.0 0.0
       167.49837000 290.72061000 -312.88959000 0.0 0.0
       167.49837000 290.72061000 -432.88959000 0.0 1.0
       
TRITEX 65.46135000 353.87478000 -432.88959000 1.0 0.0
       104.34417000 188.68359000 -432.88959000 0.0 1.0
       2.30718000 251.83776000 -432.88959000 1.0 1.0
       
TRITEX 65.46135000 353.87478000 -432.88959000 1.0 0.0
       167.49837000 290.72061000 -432.88959000 0.0 0.0
       104.34417000 188.68359000 -432.88959000 0.0 1.0
       
TRITEX 65.46135000 353.87478000 -312.88959000 1.0 0.0
       2.30718000 251.83776000 -432.88959000 0.0 1.0
       2.30718000 251.83776000 -312.88959000 1.0 1.0
       
TRITEX 65.46135000 353.87478000 -312.88959000 1.0 0.0
       65.46135000 353.87478000 -432.88959000 0.0 0.0
       2.30718000 251.83776000 -432.88959000 0.0 1.0
       
TRITEX 167.49837000 290.72061000 -312.88959000 1.0 0.0
       2.30718000 251.83776000 -312.88959000 0.0 1.0
       104.34417000 188.68359000 -312.88959000 1.0 1.0
       
TRITEX 167.49837000 290.72061000 -312.88959000 1.0 0.0
       65.46135000 353.87478000 -312.88959000 0.0 0.0
       2.30718000 251.83776000 -312.88959000 0.0 1.0
       
TRITEX 167.49837000 290.72061000 -432.88959000 1.0 0.0
       104.34417000 188.68359000 -312.88959000 0.0 1.0
       104.34417000 188.68359000 -432.88959000 1.0 1.0
       
TRITEX 167.49837000 290.72061000 -432.88959000 1.0 0.0
       167.49837000 290.72061000 -312.88959000 0.0 0.0
       104.34417000 188.68359000 -312.88959000 0.0 1.0
       
TRITEX 348.46308000 188.68359000 -80.89461000 0.0 1.0
       348.46308000 353.87478000 -42.01182000 1.0 0.0
       348.46308000 290.72061000 -144.04884000 0.0 0.0
       
TRITEX 348.46308000 188.68359000 -80.89461000 0.0 1.0
       348.46308000 251.83776000 21.14238000 1.0 1.0
       348.46308000 353.87478000 -42.01182000 1.0 0.0
       
TRITEX 348.46308000 290.72061000 -144.04884000 0.0 1.0
       468.46308000 353.87478000 -42.01182000 1.0 0.0
       468.46308000 290.72061000 -144.04884000 0.0 0.0
       
TRITEX 348.46308000 290.72061000 -144.04884000 0.0 1.0
       348.46308000 353.87478000 -42.01182000 1.0 1.0
       468.46308000 353.87478000 -42.01182000 1.0 0.0
       
TRITEX 348.46308000 188.68359000 -80.89461000 1.0 1.0
       468.46308000 251.83776000 21.14232000 0.0 0.0
       348.46308000 251.83776000 21.14238000 0.0 1.0
       
TRITEX 348.46308000 188.68359000 -80.89461000 1.0 1.0
       468.46308000 188.68359000 -80.89467000 1.0 0.0
       468.46308000 251.83776000 21.14232000 0.0 0.0
       
TRITEX 485.49510000 193.04067000 -15.21033000 0.0 1.0
       334.96272000 314.90577000 -52.60488000 1.0 0.0
       485.49510000 314.90577000 -52.60488000 0.0 0.0
       
TRITEX 485.49510000 193.04067000 -15.21033000 0.0 1.0
       334.96272000 193.04067000 -15.21033000 1.0 1.0
       334.96272000 314.90577000 -52.60488000 1.0 0.0
       
TRITEX 334.96272000 193.04067000 26.59446000 0.0 1.0
       485.49510000 314.90577000 67.10523000 1.0 0.0
       334.96269000 314.90577000 67.10529000 0.0 0.0
       
TRITEX 334.96272000 193.04067000 26.59446000 0.0 1.0
       485.49510000 193.04067000 26.59446000 1.0 1.0
       485.49510000 314.90577000 67.10523000 1.0 0.0
       
TRITEX 334.96272000 314.90577000 -52.60488000 0.0 1.0
       485.49510000 314.90577000 67.10523000 1.0 0.0
       485.49510000 314.90577000 -52.60488000 0.0 0.0
       
TRITEX 334.96272000 314.90577000 -52.60488000 0.0 1.0
       334.96269000 314.90577000 67.10529000 1.0 1.0
       485.49510000 314.90577000 67.10523000 1.0 0.0
       
TRITEX 142.31388000 61.56834000 -312.88959000 0.0 0.0
       258.25518000 92.51373000 -432.88959000 1.0 1.0
       258.25518000 92.51373000 -312.88959000 1.0 0.0
       
TRITEX 142.31388000 61.56834000 -312.88959000 0.0 0.0
       142.31388000 61.56834000 -432.88959000 0.0 1.0
       258.25518000 92.51373000 -432.88959000 1.0 1.0
       
TRITEX 111.36849000 177.50961000 -312.88959000 1.0 0.0
       227.30979000 208.45503000 -432.88959000 0.0 1.0
       111.36849000 177.50961000 -432.88959000 1.0 1.0
       
TRITEX 111.36849000 177.50961000 -312.88959000 1.0 0.0
       227.30979000 208.45503000 -312.88959000 0.0 0.0
       227.30979000 208.45503000 -432.88959000 0.0 1.0
       
TRITEX 111.36849000 177.50961000 -432.88959000 1.0 0.0
       258.25518000 92.51373000 -432.88959000 0.0 1.0
       142.31388000 61.56834000 -432.88959000 1.0 1.0
       
TRITEX 111.36849000 177.50961000 -432.88959000 1.0 0.0
       227.30979000 208.45503000 -432.88959000 0.0 0.0
       258.25518000 92.51373000 -432.88959000 0.0 1.0
       
TRITEX 334.96272000 193.04067000 -15.21033000 1.0 1.0
       485.49510000 193.04067000 26.59446000 0.0 0.0
       334.96272000 193.04067000 26.59446000 0.0 1.0
       
TRITEX 334.96272000 193.04067000 -15.21033000 1.0 1.0
       485.49510000 193.04067000 -15.21033000 1.0 0.0
       485.49510000 193.04067000 26.59446000 0.0 0.0
       
TRITEX 227.30979000 208.45503000 -312.88959000 1.0 0.0
       142.31388000 61.56834000 -312.88959000 0.0 1.0
       258.25518000 92.51373000 -312.88959000 1.0 1.0
       
TRITEX 227.30979000 208.45503000 -312.88959000 1.0 0.0
       111.36849000 177.50961000 -312.88959000 0.0 0.0
       142.31388000 61.56834000 -312.88959000 0.0 1.0
       
TRITEX 227.30979000 208.45503000 -432.88959000 1.0 0.0
       258.25518000 92.51373000 -312.88959000 0.0 1.0
       258.25518000 92.51373000 -432.88959000 1.0 1.0
       
TRITEX 227.30979000 208.45503000 -432.88959000 1.0 0.0
       227.30979000 208.45503000 -312.88959000 0.0 0.0
       258.25518000 92.51373000 -312.88959000 0.0 1.0
       
TRITEX 468.46308000 61.56834000 -118.86435000 0.0 0.0
       348.46308000 92.51373000 -234.80562000 1.0 1.0
       468.46308000 92.51373000 -234.80568000 1.0 0.0
       
TRITEX 468.46308000 61.56834000 -118.86435000 0.0 0.0
       348.46308000 61.56834000 -118.86435000 0.0 1.0
       348.46308000 92.51373000 -234.80562000 1.0 1.0
       
TRITEX 468.46308000 177.50961000 -87.91896000 1.0 0.0
       348.46308000 208.45503000 -203.86023000 0.0 1.0
       348.46308000 177.50961000 -87.91896000 1.0 1.0
       
TRITEX 468.46308000 177.50961000 -87.91896000 1.0 0.0
       468.46308000 208.45503000 -203.86023000 0.0 0.0
       348.46308000 208.45503000 -203.86023000 0.0 1.0
       
TRITEX 348.46308000 177.50961000 -87.91896000 1.0 0.0
       348.46308000 92.51373000 -234.80562000 0.0 1.0
       348.46308000 61.56834000 -118.86435000 1.0 1.0
       
TRITEX 348.46308000 177.50961000 -87.91896000 1.0 0.0
       348.46308000 208.45503000 -203.86023000 0.0 0.0
       348.46308000 92.51373000 -234.80562000 0.0 1.0
       
TRITEX 468.46308000 208.45503000 -203.86023000 1.0 0.0
       468.46308000 61.56834000 -118.86435000 0.0 1.0
       468.46308000 92.51373000 -234.80568000 1.0 1.0
       
TRITEX 468.46308000 208.45503000 -203.86023000 1.0 0.0
       468.46308000 177.50961000 -87.91896000 0.0 0.0
       468.46308000 61.56834000 -118.86435000 0.0 1.0
       
TRITEX 348.46308000 208.45503000 -203.86023000 1.0 0.0
       468.46308000 92.51373000 -234.80568000 0.0 1.0
       348.46308000 92.51373000 -234.80562000 1.0 1.0
       
TRITEX 348.46308000 208.45503000 -203.86023000 1.0 0.0
       468.46308000 208.45503000 -203.86023000 0.0 0.0
       468.46308000 92.51373000 -234.80568000 0.0 1.0
       
TRITEX 348.46308000 188.68359000 99.50994000 1.0 1.0
       468.46308000 251.83776000 -2.52708000 0.0 0.0
       468.46308000 188.68359000 99.50994000 1.0 0.0
       
TRITEX 348.46308000 188.68359000 99.50994000 1.0 1.0
       348.46308000 251.83776000 -2.52708000 0.0 1.0
       468.46308000 251.83776000 -2.52708000 0.0 0.0
       
TRITEX -76.06041000 188.68359000 -432.88959000 1.0 1.0
       25.97661000 251.83776000 -312.88959000 0.0 0.0
       -76.06041000 188.68359000 -312.88959000 1.0 0.0
       
TRITEX -76.06041000 188.68359000 -432.88959000 1.0 1.0
       25.97661000 251.83776000 -432.88959000 0.0 1.0
       25.97661000 251.83776000 -312.88959000 0.0 0.0
       
TRITEX -139.21458000 290.72061000 -432.88959000 0.0 1.0
       -37.17756000 353.87478000 -312.88959000 1.0 0.0
       -37.17756000 353.87478000 -432.88959000 1.0 1.0
       
TRITEX -139.21458000 290.72061000 -432.88959000 0.0 1.0
       -139.21458000 290.72061000 -312.88959000 0.0 0.0
       -37.17756000 353.87478000 -312.88959000 1.0 0.0
       
TRITEX -76.06041000 188.68359000 -432.88959000 0.0 1.0
       -37.17756000 353.87478000 -432.88959000 1.0 0.0
       25.97661000 251.83776000 -432.88959000 1.0 1.0
       
TRITEX -76.06041000 188.68359000 -432.88959000 0.0 1.0
       -139.21458000 290.72061000 -432.88959000 0.0 0.0
       -37.17756000 353.87478000 -432.88959000 1.0 0.0
       
TRITEX 25.97661000 251.83776000 -432.88959000 0.0 1.0
       -37.17756000 353.87478000 -312.88959000 1.0 0.0
       25.97661000 251.83776000 -312.88959000 1.0 1.0
       
TRITEX 25.97661000 251.83776000 -432.88959000 0.0 1.0
       -37.17756000 353.87478000 -432.88959000 0.0 0.0
       -37.17756000 353.87478000 -312.88959000 1.0 0.0
       
TRITEX 25.97661000 251.83776000 -312.88959000 0.0 1.0
       -139.21458000 290.72061000 -312.88959000 1.0 0.0
       -76.06041000 188.68359000 -312.88959000 1.0 1.0
       
TRITEX 25.97661000 251.83776000 -312.88959000 0.0 1.0
       -37.17756000 353.87478000 -312.88959000 0.0 0.0
       -139.21458000 290.72061000 -312.88959000 1.0 0.0
       
TRITEX -76.06041000 188.68359000 -312.88959000 0.0 1.0
       -139.21458000 290.72061000 -432.88959000 1.0 0.0
       -76.06041000 188.68359000 -432.88959000 1.0 1.0
       
TRITEX -76.06041000 188.68359000 -312.88959000 0.0 1.0
       -139.21458000 290.72061000 -312.88959000 0.0 0.0
       -139.21458000 290.72061000 -432.88959000 1.0 0.0
       
TRITEX 348.46308000 290.72061000 162.66408000 0.0 1.0
       468.46308000 353.87478000 60.62709000 1.0 0.0
       348.46308000 353.87478000 60.62709000 1.0 1.0
       
TRITEX 348.46308000 290.72061000 162.66408000 0.0 1.0
       468.46308000 290.72061000 162.66408000 0.0 0.0
       468.46308000 353.87478000 60.62709000 1.0 0.0
       
TRITEX 348.46308000 188.68359000 99.50994000 0.0 1.0
       348.46308000 353.87478000 60.62709000 1.0 0.0
       348.46308000 251.83776000 -2.52708000 1.0 1.0
       
TRITEX 348.46308000 188.68359000 99.50994000 0.0 1.0
       348.46308000 290.72061000 162.66408000 0.0 0.0
       348.46308000 353.87478000 60.62709000 1.0 0.0
       
TRITEX 348.46308000 251.83776000 -2.52708000 0.0 1.0
       468.46308000 353.87478000 60.62709000 1.0 0.0
       468.46308000 251.83776000 -2.52708000 1.0 1.0
       
TRITEX 348.46308000 251.83776000 -2.52708000 0.0 1.0
       348.46308000 353.87478000 60.62709000 0.0 0.0
       468.46308000 353.87478000 60.62709000 1.0 0.0
       
TRITEX 468.46308000 251.83776000 -2.52708000 0.0 1.0
       468.46308000 290.72061000 162.66408000 1.0 0.0
       468.46308000 188.68359000 99.50994000 1.0 1.0
       
TRITEX 468.46308000 251.83776000 -2.52708000 0.0 1.0
       468.46308000 353.87478000 60.62709000 0.0 0.0
       468.46308000 290.72061000 162.66408000 1.0 0.0
       
TRITEX 468.46308000 188.68359000 99.50994000 0.0 1.0
       348.46308000 290.72061000 162.66408000 1.0 0.0
       348.46308000 188.68359000 99.50994000 1.0 1.0
       
TRITEX 468.46308000 188.68359000 99.50994000 0.0 1.0
       468.46308000 290.72061000 162.66408000 0.0 0.0
       348.46308000 290.72061000 162.66408000 1.0 0.0
       
TRITEX 348.46308000 92.51373000 253.42095000 1.0 1.0
       468.46308000 61.56834000 137.47965000 0.0 0.0
       468.46308000 92.51373000 253.42095000 1.0 0.0
       
TRITEX 348.46308000 92.51373000 253.42095000 1.0 1.0
       348.46308000 61.56834000 137.47965000 0.0 1.0
       468.46308000 61.56834000 137.47965000 0.0 0.0
       
TRITEX -229.97139000 92.51373000 -432.88959000 1.0 1.0
       -114.03012000 61.56834000 -312.88959000 0.0 0.0
       -229.97139000 92.51373000 -312.88959000 1.0 0.0
       
TRITEX -229.97139000 92.51373000 -432.88959000 1.0 1.0
       -114.03012000 61.56834000 -432.88959000 0.0 1.0
       -114.03012000 61.56834000 -312.88959000 0.0 0.0
       
TRITEX -199.02600000 208.45503000 -432.88959000 0.0 1.0
       -83.08473000 177.50961000 -312.88959000 1.0 0.0
       -83.08473000 177.50961000 -432.88959000 1.0 1.0
       
TRITEX -199.02600000 208.45503000 -432.88959000 0.0 1.0
       -199.02600000 208.45503000 -312.88959000 0.0 0.0
       -83.08473000 177.50961000 -312.88959000 1.0 0.0
       
TRITEX -229.97139000 92.51373000 -432.88959000 0.0 1.0
       -83.08473000 177.50961000 -432.88959000 1.0 0.0
       -114.03012000 61.56834000 -432.88959000 1.0 1.0
       
TRITEX -229.97139000 92.51373000 -432.88959000 0.0 1.0
       -199.02600000 208.45503000 -432.88959000 0.0 0.0
       -83.08473000 177.50961000 -432.88959000 1.0 0.0
       
TRITEX 348.46308000 208.45503000 222.47556000 0.0 1.0
       468.46308000 177.50961000 106.53426000 1.0 0.0
       348.46308000 177.50961000 106.53426000 1.0 1.0
       
TRITEX 348.46308000 208.45503000 222.47556000 0.0 1.0
       468.46308000 208.45503000 222.47556000 0.0 0.0
       468.46308000 177.50961000 106.53426000 1.0 0.0
       
TRITEX -114.03012000 61.56834000 -312.88959000 0.0 1.0
       -199.02600000 208.45503000 -312.88959000 1.0 0.0
       -229.97139000 92.51373000 -312.88959000 1.0 1.0
       
TRITEX -114.03012000 61.56834000 -312.88959000 0.0 1.0
       -83.08473000 177.50961000 -312.88959000 0.0 0.0
       -199.02600000 208.45503000 -312.88959000 1.0 0.0
       
TRITEX -229.97139000 92.51373000 -312.88959000 0.0 1.0
       -199.02600000 208.45503000 -432.88959000 1.0 0.0
       -229.97139000 92.51373000 -432.88959000 1.0 1.0
       
TRITEX -229.97139000 92.51373000 -312.88959000 0.0 1.0
       -199.02600000 208.45503000 -312.88959000 0.0 0.0
       -199.02600000 208.45503000 -432.88959000 1.0 0.0
       
TRITEX 348.46308000 92.51373000 253.42095000 0.0 1.0
       348.46308000 177.50961000 106.53426000 1.0 0.0
       348.46308000 61.56834000 137.47965000 1.0 1.0
       
TRITEX 348.46308000 92.51373000 253.42095000 0.0 1.0
       348.46308000 208.45503000 222.47556000 0.0 0.0
       348.46308000 177.50961000 106.53426000 1.0 0.0
       
TRITEX 468.46308000 61.56834000 137.47965000 0.0 1.0
       468.46308000 208.45503000 222.47556000 1.0 0.0
       468.46308000 92.51373000 253.42095000 1.0 1.0
       
TRITEX 468.46308000 61.56834000 137.47965000 0.0 1.0
       468.46308000 177.50961000 106.53426000 0.0 0.0
       468.46308000 208.45503000 222.47556000 1.0 0.0
       
TRITEX 468.46308000 92.51373000 253.42095000 0.0 1.0
       348.46308000 208.45503000 222.47556000 1.0 0.0
       348.46308000 92.51373000 253.42095000 1.0 1.0
       
TRITEX 468.46308000 92.51373000 253.42095000 0.0 1.0
       468.46308000 208.45503000 222.47556000 0.0 0.0
       348.46308000 208.45503000 222.47556000 1.0 0.0
       
TRITEX 28.61013000 193.04067000 306.84672000 0.0 0.0
       -13.19466000 193.04067000 457.37910000 1.0 1.0
       -13.19466000 193.04067000 306.84672000 1.0 0.0
       
TRITEX 28.61013000 193.04067000 306.84672000 0.0 0.0
       28.61013000 193.04067000 457.37910000 0.0 1.0
       -13.19466000 193.04067000 457.37910000 1.0 1.0
       
TRITEX 69.12093000 314.90577000 306.84684000 1.0 0.0
       -50.58924000 314.90577000 457.37910000 0.0 1.0
       69.12093000 314.90577000 457.37910000 1.0 1.0
       
TRITEX 69.12093000 314.90577000 306.84684000 1.0 0.0
       -50.58924000 314.90577000 306.84672000 0.0 0.0
       -50.58924000 314.90577000 457.37910000 0.0 1.0
       
TRITEX 69.12093000 314.90577000 306.84684000 1.0 0.0
       28.61013000 193.04067000 457.37910000 0.0 1.0
       28.61013000 193.04067000 306.84672000 1.0 1.0
       
TRITEX 69.12093000 314.90577000 306.84684000 1.0 0.0
       69.12093000 314.90577000 457.37910000 0.0 0.0
       28.61013000 193.04067000 457.37910000 0.0 1.0
       
TRITEX -50.58924000 314.90577000 457.37910000 1.0 0.0
       -13.19466000 193.04067000 306.84672000 0.0 1.0
       -13.19466000 193.04067000 457.37910000 1.0 1.0
       
TRITEX -50.58924000 314.90577000 457.37910000 1.0 0.0
       -50.58924000 314.90577000 306.84672000 0.0 0.0
       -13.19466000 193.04067000 306.84672000 0.0 1.0
       
TRITEX -348.76326000 208.45500000 -203.68968000 1.0 0.0
       -468.76323000 92.51373000 -234.63504000 0.0 1.0
       -468.76323000 208.45500000 -203.68968000 0.0 0.0
       
TRITEX -348.76326000 208.45500000 -203.68968000 1.0 0.0
       -348.76326000 92.51373000 -234.63504000 1.0 1.0
       -468.76323000 92.51373000 -234.63504000 0.0 1.0
       
TRITEX -468.76323000 208.45500000 -203.68968000 1.0 0.0
       -468.76317000 61.56834000 -118.69377000 0.0 1.0
       -468.76317000 177.50961000 -87.74838000 0.0 0.0
       
TRITEX -468.76323000 208.45500000 -203.68968000 1.0 0.0
       -468.76323000 92.51373000 -234.63504000 1.0 1.0
       -468.76317000 61.56834000 -118.69377000 0.0 1.0
       
TRITEX 224.49117000 208.45503000 443.87874000 1.0 0.0
       255.43659000 92.51373000 323.87883000 0.0 1.0
       224.49120000 208.45503000 323.87874000 0.0 0.0
       
TRITEX 224.49117000 208.45503000 443.87874000 1.0 0.0
       255.43659000 92.51373000 443.87874000 1.0 1.0
       255.43659000 92.51373000 323.87883000 0.0 1.0
       
TRITEX 224.49120000 208.45503000 323.87874000 1.0 0.0
       139.49532000 61.56834000 323.87883000 0.0 1.0
       108.54993000 177.50961000 323.87883000 0.0 0.0
       
TRITEX 224.49120000 208.45503000 323.87874000 1.0 0.0
       255.43659000 92.51373000 323.87883000 1.0 1.0
       139.49532000 61.56834000 323.87883000 0.0 1.0
       
TRITEX 108.54990000 177.50964000 443.87883000 1.0 0.0
       255.43659000 92.51373000 443.87874000 0.0 1.0
       224.49117000 208.45503000 443.87874000 0.0 0.0
       
TRITEX 108.54990000 177.50964000 443.87883000 1.0 0.0
       139.49532000 61.56834000 443.87883000 1.0 1.0
       255.43659000 92.51373000 443.87874000 0.0 1.0
       
TRITEX 108.54993000 177.50961000 323.87883000 1.0 0.0
       224.49117000 208.45503000 443.87874000 0.0 1.0
       224.49120000 208.45503000 323.87874000 0.0 0.0
       
TRITEX 108.54993000 177.50961000 323.87883000 1.0 0.0
       108.54990000 177.50964000 443.87883000 1.0 1.0
       224.49117000 208.45503000 443.87874000 0.0 1.0
       
TRITEX 139.49532000 61.56834000 323.87883000 0.0 0.0
       255.43659000 92.51373000 443.87874000 1.0 1.0
       139.49532000 61.56834000 443.87883000 0.0 1.0
       
TRITEX 139.49532000 61.56834000 323.87883000 0.0 0.0
       255.43659000 92.51373000 323.87883000 1.0 0.0
       255.43659000 92.51373000 443.87874000 1.0 1.0
       
TRITEX 23.15802000 251.83776000 323.87883000 0.0 0.0
       -78.87900000 188.68359000 443.87883000 1.0 1.0
       -78.87897000 188.68359000 323.87883000 1.0 0.0
       
TRITEX 23.15802000 251.83776000 323.87883000 0.0 0.0
       23.15802000 251.83779000 443.87883000 0.0 1.0
       -78.87900000 188.68359000 443.87883000 1.0 1.0
       
TRITEX -348.76323000 177.50961000 -87.74838000 1.0 0.0
       -348.76326000 92.51373000 -234.63504000 0.0 1.0
       -348.76326000 208.45500000 -203.68968000 0.0 0.0
       
TRITEX -348.76323000 177.50961000 -87.74838000 1.0 0.0
       -348.76323000 61.56834000 -118.69377000 1.0 1.0
       -348.76326000 92.51373000 -234.63504000 0.0 1.0
       
TRITEX -468.76317000 177.50961000 -87.74838000 1.0 0.0
       -348.76326000 208.45500000 -203.68968000 0.0 1.0
       -468.76323000 208.45500000 -203.68968000 0.0 0.0
       
TRITEX -468.76317000 177.50961000 -87.74838000 1.0 0.0
       -348.76323000 177.50961000 -87.74838000 1.0 1.0
       -348.76326000 208.45500000 -203.68968000 0.0 1.0
       
TRITEX -468.76317000 61.56834000 -118.69377000 0.0 0.0
       -348.76326000 92.51373000 -234.63504000 1.0 1.0
       -348.76323000 61.56834000 -118.69377000 0.0 1.0
       
TRITEX -468.76317000 61.56834000 -118.69377000 0.0 0.0
       -468.76323000 92.51373000 -234.63504000 1.0 0.0
       -348.76326000 92.51373000 -234.63504000 1.0 1.0
       
TRITEX -348.76323000 290.72061000 -143.87826000 1.0 0.0
       -468.76317000 188.68359000 -80.72412000 0.0 1.0
       -468.76323000 290.72061000 -143.87826000 0.0 0.0
       
TRITEX -348.76323000 290.72061000 -143.87826000 1.0 0.0
       -348.76323000 188.68359000 -80.72412000 1.0 1.0
       -468.76317000 188.68359000 -80.72412000 0.0 1.0
       
TRITEX -468.76323000 290.72061000 -143.87826000 1.0 0.0
       -468.76317000 251.83779000 21.31290000 0.0 1.0
       -468.76317000 353.87478000 -41.84127000 0.0 0.0
       
TRITEX -468.76323000 290.72061000 -143.87826000 1.0 0.0
       -468.76317000 188.68359000 -80.72412000 1.0 1.0
       -468.76317000 251.83779000 21.31290000 0.0 1.0
       
TRITEX -468.76317000 353.87478000 -41.84127000 1.0 0.0
       -348.76320000 251.83779000 21.31296000 0.0 1.0
       -348.76323000 353.87478000 -41.84127000 0.0 0.0
       
TRITEX -468.76317000 353.87478000 -41.84127000 1.0 0.0
       -468.76317000 251.83779000 21.31290000 1.0 1.0
       -348.76320000 251.83779000 21.31296000 0.0 1.0
       
TRITEX 164.67975000 290.72061000 443.87874000 1.0 0.0
       101.52561000 188.68359000 323.87883000 0.0 1.0
       164.67978000 290.72061000 323.87874000 0.0 0.0
       
TRITEX 164.67975000 290.72061000 443.87874000 1.0 0.0
       101.52561000 188.68359000 443.87883000 1.0 1.0
       101.52561000 188.68359000 323.87883000 0.0 1.0
       
TRITEX 164.67978000 290.72061000 323.87874000 1.0 0.0
       -0.51141000 251.83776000 323.87883000 0.0 1.0
       62.64276000 353.87478000 323.87883000 0.0 0.0
       
TRITEX 164.67978000 290.72061000 323.87874000 1.0 0.0
       101.52561000 188.68359000 323.87883000 1.0 1.0
       -0.51141000 251.83776000 323.87883000 0.0 1.0
       
TRITEX 62.64276000 353.87478000 323.87883000 1.0 0.0
       -0.51141000 251.83779000 443.87883000 0.0 1.0
       62.64276000 353.87478000 443.87874000 0.0 0.0
       
TRITEX 62.64276000 353.87478000 323.87883000 1.0 0.0
       -0.51141000 251.83776000 323.87883000 1.0 1.0
       -0.51141000 251.83779000 443.87883000 0.0 1.0
       
TRITEX 62.64276000 353.87478000 443.87874000 1.0 0.0
       101.52561000 188.68359000 443.87883000 0.0 1.0
       164.67975000 290.72061000 443.87874000 0.0 0.0
       
TRITEX 62.64276000 353.87478000 443.87874000 1.0 0.0
       -0.51141000 251.83779000 443.87883000 1.0 1.0
       101.52561000 188.68359000 443.87883000 0.0 1.0
       
TRITEX 62.64276000 353.87478000 323.87883000 1.0 0.0
       164.67975000 290.72061000 443.87874000 0.0 1.0
       164.67978000 290.72061000 323.87874000 0.0 0.0
       
TRITEX 62.64276000 353.87478000 323.87883000 1.0 0.0
       62.64276000 353.87478000 443.87874000 1.0 1.0
       164.67975000 290.72061000 443.87874000 0.0 1.0
       
TRITEX -0.51141000 251.83776000 323.87883000 0.0 0.0
       101.52561000 188.68359000 443.87883000 1.0 1.0
       -0.51141000 251.83779000 443.87883000 0.0 1.0
       
TRITEX -0.51141000 251.83776000 323.87883000 0.0 0.0
       101.52561000 188.68359000 323.87883000 1.0 0.0
       101.52561000 188.68359000 443.87883000 1.0 1.0
       
TRITEX -348.76323000 353.87478000 -41.84127000 1.0 0.0
       -348.76323000 188.68359000 -80.72412000 0.0 1.0
       -348.76323000 290.72061000 -143.87826000 0.0 0.0
       
TRITEX -348.76323000 353.87478000 -41.84127000 1.0 0.0
       -348.76320000 251.83779000 21.31296000 1.0 1.0
       -348.76323000 188.68359000 -80.72412000 0.0 1.0
       
TRITEX -468.76317000 353.87478000 -41.84127000 1.0 0.0
       -348.76323000 290.72061000 -143.87826000 0.0 1.0
       -468.76323000 290.72061000 -143.87826000 0.0 0.0
       
TRITEX -468.76317000 353.87478000 -41.84127000 1.0 0.0
       -348.76323000 353.87478000 -41.84127000 1.0 1.0
       -348.76323000 290.72061000 -143.87826000 0.0 1.0
       
TRITEX -468.76317000 251.83779000 21.31290000 0.0 0.0
       -348.76323000 188.68359000 -80.72412000 1.0 1.0
       -348.76320000 251.83779000 21.31296000 0.0 1.0
       
TRITEX -468.76317000 251.83779000 21.31290000 0.0 0.0
       -468.76317000 188.68359000 -80.72412000 1.0 0.0
       -348.76323000 188.68359000 -80.72412000 1.0 1.0
       
TRITEX -468.76311000 92.51376000 253.59153000 0.0 1.0
       -348.76317000 208.45506000 222.64605000 1.0 0.0
       -468.76311000 208.45506000 222.64605000 0.0 0.0
       
TRITEX -468.76311000 92.51376000 253.59153000 0.0 1.0
       -348.76314000 92.51376000 253.59153000 1.0 1.0
       -348.76317000 208.45506000 222.64605000 1.0 0.0
       
TRITEX -468.76317000 61.56837000 137.65023000 0.0 1.0
       -468.76311000 208.45506000 222.64605000 1.0 0.0
       -468.76317000 177.50964000 106.70484000 0.0 0.0
       
TRITEX -468.76317000 61.56837000 137.65023000 0.0 1.0
       -468.76311000 92.51376000 253.59153000 1.0 1.0
       -468.76311000 208.45506000 222.64605000 1.0 0.0
       
TRITEX -232.78995000 92.51373000 323.87883000 0.0 1.0
       -201.84456000 208.45503000 443.87883000 1.0 0.0
       -201.84456000 208.45503000 323.87883000 0.0 0.0
       
TRITEX -232.78995000 92.51373000 323.87883000 0.0 1.0
       -232.78998000 92.51373000 443.87883000 1.0 1.0
       -201.84456000 208.45503000 443.87883000 1.0 0.0
       
TRITEX -116.84868000 61.56834000 323.87883000 0.0 1.0
       -201.84456000 208.45503000 323.87883000 1.0 0.0
       -85.90329000 177.50961000 323.87883000 0.0 0.0
       
TRITEX -116.84868000 61.56834000 323.87883000 0.0 1.0
       -232.78995000 92.51373000 323.87883000 1.0 1.0
       -201.84456000 208.45503000 323.87883000 1.0 0.0
       
TRITEX -232.78998000 92.51373000 443.87883000 0.0 1.0
       -85.90329000 177.50964000 443.87883000 1.0 0.0
       -201.84456000 208.45503000 443.87883000 0.0 0.0
       
TRITEX -232.78998000 92.51373000 443.87883000 0.0 1.0
       -116.84871000 61.56834000 443.87883000 1.0 1.0
       -85.90329000 177.50964000 443.87883000 1.0 0.0
       
TRITEX -201.84456000 208.45503000 443.87883000 0.0 1.0
       -85.90329000 177.50961000 323.87883000 1.0 0.0
       -201.84456000 208.45503000 323.87883000 0.0 0.0
       
TRITEX -201.84456000 208.45503000 443.87883000 0.0 1.0
       -85.90329000 177.50964000 443.87883000 1.0 1.0
       -85.90329000 177.50961000 323.87883000 1.0 0.0
       
TRITEX -232.78998000 92.51373000 443.87883000 1.0 1.0
       -116.84868000 61.56834000 323.87883000 0.0 0.0
       -116.84871000 61.56834000 443.87883000 0.0 1.0
       
TRITEX -232.78998000 92.51373000 443.87883000 1.0 1.0
       -232.78995000 92.51373000 323.87883000 1.0 0.0
       -116.84868000 61.56834000 323.87883000 0.0 0.0
       
TRITEX -39.99615000 353.87478000 323.87883000 1.0 0.0
       -142.03314000 290.72061000 443.87883000 0.0 1.0
       -39.99615000 353.87478000 443.87883000 1.0 1.0
       
TRITEX -39.99615000 353.87478000 323.87883000 1.0 0.0
       -142.03314000 290.72058000 323.87883000 0.0 0.0
       -142.03314000 290.72061000 443.87883000 0.0 1.0
       
TRITEX -348.76314000 92.51376000 253.59153000 0.0 1.0
       -348.76320000 177.50964000 106.70484000 1.0 0.0
       -348.76317000 208.45506000 222.64605000 0.0 0.0
       
TRITEX -348.76314000 92.51376000 253.59153000 0.0 1.0
       -348.76317000 61.56837000 137.65023000 1.0 1.0
       -348.76320000 177.50964000 106.70484000 1.0 0.0
       
TRITEX -348.76317000 208.45506000 222.64605000 0.0 1.0
       -468.76317000 177.50964000 106.70484000 1.0 0.0
       -468.76311000 208.45506000 222.64605000 0.0 0.0
       
TRITEX -348.76317000 208.45506000 222.64605000 0.0 1.0
       -348.76320000 177.50964000 106.70484000 1.0 1.0
       -468.76317000 177.50964000 106.70484000 1.0 0.0
       
TRITEX -348.76314000 92.51376000 253.59153000 1.0 1.0
       -468.76317000 61.56837000 137.65023000 0.0 0.0
       -348.76317000 61.56837000 137.65023000 0.0 1.0
       
TRITEX -348.76314000 92.51376000 253.59153000 1.0 1.0
       -468.76311000 92.51376000 253.59153000 1.0 0.0
       -468.76317000 61.56837000 137.65023000 0.0 0.0
       
TRITEX -468.76317000 188.68362000 99.68049000 0.0 1.0
       -348.76317000 290.72061000 162.83466000 1.0 0.0
       -468.76311000 290.72061000 162.83466000 0.0 0.0
       
TRITEX -468.76317000 188.68362000 99.68049000 0.0 1.0
       -348.76320000 188.68362000 99.68049000 1.0 1.0
       -348.76317000 290.72061000 162.83466000 1.0 0.0
       
TRITEX -468.76317000 251.83779000 -2.35650000 0.0 1.0
       -468.76311000 290.72061000 162.83466000 1.0 0.0
       -468.76317000 353.87478000 60.79764000 0.0 0.0
       
TRITEX -468.76317000 251.83779000 -2.35650000 0.0 1.0
       -468.76317000 188.68362000 99.68049000 1.0 1.0
       -468.76311000 290.72061000 162.83466000 1.0 0.0
       
TRITEX -348.76320000 251.83779000 -2.35650000 0.0 1.0
       -468.76317000 353.87478000 60.79764000 1.0 0.0
       -348.76320000 353.87478000 60.79764000 0.0 0.0
       
TRITEX -348.76320000 251.83779000 -2.35650000 0.0 1.0
       -468.76317000 251.83779000 -2.35650000 1.0 1.0
       -468.76317000 353.87478000 60.79764000 1.0 0.0
       
TRITEX -78.87897000 188.68359000 323.87883000 0.0 1.0
       -142.03314000 290.72061000 443.87883000 1.0 0.0
       -142.03314000 290.72058000 323.87883000 0.0 0.0
       
TRITEX -78.87897000 188.68359000 323.87883000 0.0 1.0
       -78.87900000 188.68359000 443.87883000 1.0 1.0
       -142.03314000 290.72061000 443.87883000 1.0 0.0
       
TRITEX 23.15802000 251.83776000 323.87883000 0.0 1.0
       -142.03314000 290.72058000 323.87883000 1.0 0.0
       -39.99615000 353.87478000 323.87883000 0.0 0.0
       
TRITEX 23.15802000 251.83776000 323.87883000 0.0 1.0
       -78.87897000 188.68359000 323.87883000 1.0 1.0
       -142.03314000 290.72058000 323.87883000 1.0 0.0
       
TRITEX 23.15802000 251.83779000 443.87883000 0.0 1.0
       -39.99615000 353.87478000 323.87883000 1.0 0.0
       -39.99615000 353.87478000 443.87883000 0.0 0.0
       
TRITEX 23.15802000 251.83779000 443.87883000 0.0 1.0
       23.15802000 251.83776000 323.87883000 1.0 1.0
       -39.99615000 353.87478000 323.87883000 1.0 0.0
       
TRITEX -78.87900000 188.68359000 443.87883000 0.0 1.0
       -39.99615000 353.87478000 443.87883000 1.0 0.0
       -142.03314000 290.72061000 443.87883000 0.0 0.0
       
TRITEX -78.87900000 188.68359000 443.87883000 0.0 1.0
       23.15802000 251.83779000 443.87883000 1.0 1.0
       -39.99615000 353.87478000 443.87883000 1.0 0.0
       
TRITEX -485.79528000 193.04067000 -7.80858000 0.0 0.0
       -335.26284000 193.04067000 33.99615000 1.0 1.0
       -485.79516000 193.04067000 33.99615000 1.0 0.0
       
TRITEX -485.79528000 193.04067000 -7.80858000 0.0 0.0
       -335.26284000 193.04067000 -7.80858000 0.0 1.0
       -335.26284000 193.04067000 33.99615000 1.0 1.0
       
TRITEX -485.79516000 314.90577000 -48.31941000 1.0 0.0
       -335.26284000 314.90577000 71.39076000 0.0 1.0
       -335.26284000 314.90577000 -48.31941000 1.0 1.0
       
TRITEX -485.79516000 314.90577000 -48.31941000 1.0 0.0
       -485.79516000 314.90577000 71.39076000 0.0 0.0
       -335.26284000 314.90577000 71.39076000 0.0 1.0
       
TRITEX -348.76320000 188.68362000 99.68049000 0.0 1.0
       -348.76320000 353.87478000 60.79764000 1.0 0.0
       -348.76317000 290.72061000 162.83466000 0.0 0.0
       
TRITEX -348.76320000 188.68362000 99.68049000 0.0 1.0
       -348.76320000 251.83779000 -2.35650000 1.0 1.0
       -348.76320000 353.87478000 60.79764000 1.0 0.0
       
TRITEX -485.79516000 314.90577000 -48.31941000 1.0 0.0
       -335.26284000 193.04067000 -7.80858000 0.0 1.0
       -485.79528000 193.04067000 -7.80858000 1.0 1.0
       
TRITEX -485.79516000 314.90577000 -48.31941000 1.0 0.0
       -335.26284000 314.90577000 -48.31941000 0.0 0.0
       -335.26284000 193.04067000 -7.80858000 0.0 1.0
       
TRITEX -348.76317000 290.72061000 162.83466000 0.0 1.0
       -468.76317000 353.87478000 60.79764000 1.0 0.0
       -468.76311000 290.72061000 162.83466000 0.0 0.0
       
TRITEX -348.76317000 290.72061000 162.83466000 0.0 1.0
       -348.76320000 353.87478000 60.79764000 1.0 1.0
       -468.76317000 353.87478000 60.79764000 1.0 0.0
       
TRITEX -335.26284000 314.90577000 71.39076000 1.0 0.0
       -485.79516000 193.04067000 33.99615000 0.0 1.0
       -335.26284000 193.04067000 33.99615000 1.0 1.0
       
TRITEX -335.26284000 314.90577000 71.39076000 1.0 0.0
       -485.79516000 314.90577000 71.39076000 0.0 0.0
       -485.79516000 193.04067000 33.99615000 0.0 1.0
       
TRITEX -468.76317000 251.83779000 -2.35650000 0.0 0.0
       -348.76320000 188.68362000 99.68049000 1.0 1.0
       -468.76317000 188.68362000 99.68049000 1.0 0.0
       
TRITEX -468.76317000 251.83779000 -2.35650000 0.0 0.0
       -348.76320000 251.83779000 -2.35650000 0.0 1.0
       -348.76320000 188.68362000 99.68049000 1.0 1.0
       

TEXTURE corridor05
TRITEX -485.79516000 314.90577000 71.39076000 0.056396 0.12245899999999998
       -485.79528000 193.04067000 -7.80858000 0.690941 0.957976
       -485.79516000 193.04067000 33.99615000 0.330488 0.93927
       
TRITEX -485.79516000 314.90577000 71.39076000 0.056396 0.12245899999999998
       -485.79516000 314.90577000 -48.31941000 0.973533 0.10188299999999995
       -485.79528000 193.04067000 -7.80858000 0.690941 0.957976
       
TRITEX -335.26284000 193.04067000 33.99615000 0.330488 0.93927
       -335.26284000 314.90577000 -48.31941000 0.973533 0.10188200000000003
       -335.26284000 314.90577000 71.39076000 0.056396 0.12245899999999998
       
TRITEX -335.26284000 193.04067000 33.99615000 0.330488 0.93927
       -335.26284000 193.04067000 -7.80858000 0.69094 0.957975
       -335.26284000 314.90577000 -48.31941000 0.973533 0.10188200000000003
       
TRITEX -43.65573000 314.90577000 -446.38995000 0.973533 0.10188200000000003
       38.65986000 193.04067000 -446.38995000 0.330488 0.93927
       -3.14493000 193.04067000 -446.38995000 0.69094 0.957975
       
TRITEX -43.65573000 314.90577000 -446.38995000 0.973533 0.10188200000000003
       76.05444000 314.90577000 -446.38995000 0.056396 0.12245899999999998
       38.65986000 193.04067000 -446.38995000 0.330488 0.93927
       
TRITEX 76.05444000 314.90577000 -295.85757000 0.056396 0.12245899999999998
       -3.14493000 193.04067000 -295.85757000 0.690941 0.957976
       38.65986000 193.04067000 -295.85757000 0.330488 0.93927
       
TRITEX 76.05444000 314.90577000 -295.85757000 0.056396 0.12245899999999998
       -43.65573000 314.90577000 -295.85757000 0.973533 0.10188299999999995
       -3.14493000 193.04067000 -295.85757000 0.690941 0.957976
       
TRITEX 485.49510000 193.04067000 26.59446000 0.690941 0.957976
       485.49510000 314.90577000 -52.60488000 0.056396 0.12245899999999998
       485.49510000 314.90577000 67.10523000 0.973533 0.10188299999999995
       
TRITEX 485.49510000 193.04067000 26.59446000 0.690941 0.957976
       485.49510000 193.04067000 -15.21033000 0.330488 0.93927
       485.49510000 314.90577000 -52.60488000 0.056396 0.12245899999999998
       
TRITEX 334.96272000 193.04067000 -15.21033000 0.330488 0.93927
       334.96269000 314.90577000 67.10529000 0.973533 0.10188200000000003
       334.96272000 314.90577000 -52.60488000 0.056396 0.12245899999999998
       
TRITEX 334.96272000 193.04067000 -15.21033000 0.330488 0.93927
       334.96272000 193.04067000 26.59446000 0.69094 0.957975
       334.96269000 314.90577000 67.10529000 0.973533 0.10188200000000003
       
TRITEX 69.12093000 314.90577000 457.37910000 0.973533 0.10188200000000003
       -13.19466000 193.04067000 457.37910000 0.330488 0.93927
       28.61013000 193.04067000 457.37910000 0.69094 0.957975
       
TRITEX 69.12093000 314.90577000 457.37910000 0.973533 0.10188200000000003
       -50.58924000 314.90577000 457.37910000 0.056396 0.12245899999999998
       -13.19466000 193.04067000 457.37910000 0.330488 0.93927
       
TRITEX -50.58924000 314.90577000 306.84672000 0.056396 0.12245899999999998
       28.61013000 193.04067000 306.84672000 0.690941 0.957976
       -13.19466000 193.04067000 306.84672000 0.330488 0.93927
       
TRITEX -50.58924000 314.90577000 306.84672000 0.056396 0.12245899999999998
       69.12093000 314.90577000 306.84684000 0.973533 0.10188299999999995
       28.61013000 193.04067000 306.84672000 0.690941 0.957976
       

TEXTURE entrance_uni1
TRITEX -459.01053000 287.82960000 145.43055000 1.0 0.0
       -459.01053000 146.31672000 137.88426000 0.0 1.0
       -459.01047000 193.20213000 218.66163000 1.0 1.0
       
TRITEX -459.01053000 287.82960000 145.43055000 1.0 0.0
       -459.01053000 250.43502000 76.77030000 0.0 0.0
       -459.01053000 146.31672000 137.88426000 0.0 1.0
       
TRITEX -357.44940000 287.82960000 145.43061000 1.0 0.0
       -459.01047000 193.20213000 218.66163000 0.0 1.0
       -357.44940000 193.20213000 218.66163000 1.0 1.0
       
TRITEX -357.44940000 287.82960000 145.43061000 1.0 0.0
       -459.01053000 287.82960000 145.43055000 0.0 0.0
       -459.01047000 193.20213000 218.66163000 0.0 1.0
       
TRITEX -197.86014000 193.20213000 435.19254000 0.0 1.0
       -55.96878000 250.43502000 435.19254000 1.0 0.0
       -124.62909000 287.82960000 435.19254000 0.0 0.0
       
TRITEX -197.86014000 193.20213000 435.19254000 0.0 1.0
       -117.08274000 146.31669000 435.19254000 1.0 1.0
       -55.96878000 250.43502000 435.19254000 1.0 0.0
       
TRITEX -55.96875000 250.43499000 333.63150000 1.0 0.0
       -117.08274000 146.31669000 435.19254000 0.0 1.0
       -117.08271000 146.31669000 333.63150000 1.0 1.0
       
TRITEX -55.96875000 250.43499000 333.63150000 1.0 0.0
       -55.96878000 250.43502000 435.19254000 0.0 0.0
       -117.08274000 146.31669000 435.19254000 0.0 1.0
       
TRITEX -124.62906000 287.82957000 333.63150000 1.0 0.0
       -117.08271000 146.31669000 333.63150000 0.0 1.0
       -197.86011000 193.20210000 333.63150000 1.0 1.0
       
TRITEX -124.62906000 287.82957000 333.63150000 1.0 0.0
       -55.96875000 250.43499000 333.63150000 0.0 0.0
       -117.08271000 146.31669000 333.63150000 0.0 1.0
       
TRITEX -124.62909000 287.82960000 435.19254000 1.0 0.0
       -197.86011000 193.20210000 333.63150000 0.0 1.0
       -197.86014000 193.20213000 435.19254000 1.0 1.0
       
TRITEX -124.62909000 287.82960000 435.19254000 1.0 0.0
       -124.62906000 287.82957000 333.63150000 0.0 0.0
       -197.86011000 193.20210000 333.63150000 0.0 1.0
       
TRITEX -125.33013000 -6.86385000 333.63150000 0.0 0.0
       -222.27054000 -6.86385000 435.19254000 1.0 1.0
       -222.27051000 -6.86385000 333.63150000 1.0 0.0
       
TRITEX -125.33013000 -6.86385000 333.63150000 0.0 0.0
       -125.33016000 -6.86385000 435.19254000 0.0 1.0
       -222.27054000 -6.86385000 435.19254000 1.0 1.0
       
TRITEX -125.33013000 113.13615000 333.63150000 1.0 0.0
       -222.27054000 113.13615000 435.19254000 0.0 1.0
       -125.33016000 113.13615000 435.19254000 1.0 1.0
       
TRITEX -125.33013000 113.13615000 333.63150000 1.0 0.0
       -222.27051000 113.13615000 333.63150000 0.0 0.0
       -222.27054000 113.13615000 435.19254000 0.0 1.0
       
TRITEX -125.33016000 113.13615000 435.19254000 1.0 0.0
       -222.27054000 -6.86385000 435.19254000 0.0 1.0
       -125.33016000 -6.86385000 435.19254000 1.0 1.0
       
TRITEX -125.33016000 113.13615000 435.19254000 1.0 0.0
       -222.27054000 113.13615000 435.19254000 0.0 0.0
       -222.27054000 -6.86385000 435.19254000 0.0 1.0
       
TRITEX -459.01053000 -6.86382000 146.13168000 0.0 0.0
       -357.44940000 -6.86382000 243.07206000 1.0 1.0
       -459.01047000 -6.86382000 243.07206000 1.0 0.0
       
TRITEX -459.01053000 -6.86382000 146.13168000 0.0 0.0
       -357.44940000 -6.86382000 146.13168000 0.0 1.0
       -357.44940000 -6.86382000 243.07206000 1.0 1.0
       
TRITEX -459.01053000 113.13618000 146.13168000 1.0 0.0
       -357.44940000 113.13618000 243.07206000 0.0 1.0
       -357.44940000 113.13618000 146.13168000 1.0 1.0
       
TRITEX -459.01053000 113.13618000 146.13168000 1.0 0.0
       -459.01047000 113.13618000 243.07206000 0.0 0.0
       -357.44940000 113.13618000 243.07206000 0.0 1.0
       
TRITEX -357.44940000 113.13618000 146.13168000 1.0 0.0
       -357.44940000 -6.86382000 243.07206000 0.0 1.0
       -357.44940000 -6.86382000 146.13168000 1.0 1.0
       
TRITEX -357.44940000 113.13618000 146.13168000 1.0 0.0
       -357.44940000 113.13618000 243.07206000 0.0 0.0
       -357.44940000 -6.86382000 243.07206000 0.0 1.0
       
TRITEX -459.01053000 113.13618000 146.13168000 1.0 0.0
       -357.44940000 -6.86382000 146.13168000 0.0 1.0
       -459.01053000 -6.86382000 146.13168000 1.0 1.0
       
TRITEX -459.01053000 113.13618000 146.13168000 1.0 0.0
       -357.44940000 113.13618000 146.13168000 0.0 0.0
       -357.44940000 -6.86382000 146.13168000 0.0 1.0
       
TRITEX -459.01047000 113.13618000 243.07206000 1.0 0.0
       -459.01053000 -6.86382000 146.13168000 0.0 1.0
       -459.01047000 -6.86382000 243.07206000 1.0 1.0
       
TRITEX -459.01047000 113.13618000 243.07206000 1.0 0.0
       -459.01053000 113.13618000 146.13168000 0.0 0.0
       -459.01053000 -6.86382000 146.13168000 0.0 1.0
       
TRITEX -357.44940000 113.13618000 243.07206000 1.0 0.0
       -459.01047000 -6.86382000 243.07206000 0.0 1.0
       -357.44940000 -6.86382000 243.07206000 1.0 1.0
       
TRITEX -357.44940000 113.13618000 243.07206000 1.0 0.0
       -459.01047000 113.13618000 243.07206000 0.0 0.0
       -459.01047000 -6.86382000 243.07206000 0.0 1.0
       
TRITEX -125.33013000 113.13615000 333.63150000 1.0 0.0
       -125.33016000 -6.86385000 435.19254000 0.0 1.0
       -125.33013000 -6.86385000 333.63150000 1.0 1.0
       
TRITEX -125.33013000 113.13615000 333.63150000 1.0 0.0
       -125.33016000 113.13615000 435.19254000 0.0 0.0
       -125.33016000 -6.86385000 435.19254000 0.0 1.0
       
TRITEX -222.27051000 113.13615000 333.63150000 1.0 0.0
       -125.33013000 -6.86385000 333.63150000 0.0 1.0
       -222.27051000 -6.86385000 333.63150000 1.0 1.0
       
TRITEX -222.27051000 113.13615000 333.63150000 1.0 0.0
       -125.33013000 113.13615000 333.63150000 0.0 0.0
       -125.33013000 -6.86385000 333.63150000 0.0 1.0
       
TRITEX -222.27054000 113.13615000 435.19254000 1.0 0.0
       -222.27051000 -6.86385000 333.63150000 0.0 1.0
       -222.27054000 -6.86385000 435.19254000 1.0 1.0
       
TRITEX -222.27054000 113.13615000 435.19254000 1.0 0.0
       -222.27051000 113.13615000 333.63150000 0.0 0.0
       -222.27051000 -6.86385000 333.63150000 0.0 1.0
       
TRITEX 220.50672000 193.20213000 435.19254000 1.0 1.0
       139.72932000 146.31669000 333.63150000 0.0 0.0
       220.50672000 193.20210000 333.63150000 1.0 0.0
       
TRITEX 220.50672000 193.20213000 435.19254000 1.0 1.0
       139.72932000 146.31669000 435.19254000 0.0 1.0
       139.72932000 146.31669000 333.63150000 0.0 0.0
       
TRITEX 147.27567000 287.82960000 435.19254000 0.0 1.0
       78.61539000 250.43499000 333.63150000 1.0 0.0
       78.61536000 250.43502000 435.19254000 1.0 1.0
       
TRITEX 147.27567000 287.82960000 435.19254000 0.0 1.0
       147.27567000 287.82957000 333.63138000 0.0 0.0
       78.61539000 250.43499000 333.63150000 1.0 0.0
       
TRITEX 220.50672000 193.20213000 435.19254000 0.0 1.0
       78.61536000 250.43502000 435.19254000 1.0 0.0
       139.72932000 146.31669000 435.19254000 1.0 1.0
       
TRITEX 220.50672000 193.20213000 435.19254000 0.0 1.0
       147.27567000 287.82960000 435.19254000 0.0 0.0
       78.61536000 250.43502000 435.19254000 1.0 0.0
       
TRITEX -357.44949000 193.20210000 -199.70517000 1.0 1.0
       -459.01059000 146.31669000 -118.92780000 0.0 0.0
       -459.01059000 193.20210000 -199.70523000 1.0 0.0
       
TRITEX -357.44949000 193.20210000 -199.70517000 1.0 1.0
       -357.44946000 146.31669000 -118.92780000 0.0 1.0
       -459.01059000 146.31669000 -118.92780000 0.0 0.0
       
TRITEX -357.44946000 287.82957000 -126.47415000 0.0 1.0
       -459.01053000 250.43499000 -57.81384000 1.0 0.0
       -357.44946000 250.43499000 -57.81384000 1.0 1.0
       
TRITEX -357.44946000 287.82957000 -126.47415000 0.0 1.0
       -459.01059000 287.82957000 -126.47415000 0.0 0.0
       -459.01053000 250.43499000 -57.81384000 1.0 0.0
       
TRITEX -357.44949000 193.20210000 -199.70517000 0.0 1.0
       -357.44946000 250.43499000 -57.81384000 1.0 0.0
       -357.44946000 146.31669000 -118.92780000 1.0 1.0
       
TRITEX -357.44949000 193.20210000 -199.70517000 0.0 1.0
       -357.44946000 287.82957000 -126.47415000 0.0 0.0
       -357.44946000 250.43499000 -57.81384000 1.0 0.0
       
TRITEX -357.44946000 146.31669000 -118.92780000 0.0 1.0
       -459.01053000 250.43499000 -57.81384000 1.0 0.0
       -459.01059000 146.31669000 -118.92780000 1.0 1.0
       
TRITEX -357.44946000 146.31669000 -118.92780000 0.0 1.0
       -357.44946000 250.43499000 -57.81384000 0.0 0.0
       -459.01053000 250.43499000 -57.81384000 1.0 0.0
       
TRITEX -459.01059000 146.31669000 -118.92780000 0.0 1.0
       -459.01059000 287.82957000 -126.47415000 1.0 0.0
       -459.01059000 193.20210000 -199.70523000 1.0 1.0
       
TRITEX -459.01059000 146.31669000 -118.92780000 0.0 1.0
       -459.01053000 250.43499000 -57.81384000 0.0 0.0
       -459.01059000 287.82957000 -126.47415000 1.0 0.0
       
TRITEX -459.01059000 193.20210000 -199.70523000 0.0 1.0
       -357.44946000 287.82957000 -126.47415000 1.0 0.0
       -357.44949000 193.20210000 -199.70517000 1.0 1.0
       
TRITEX -459.01059000 193.20210000 -199.70523000 0.0 1.0
       -459.01059000 287.82957000 -126.47415000 0.0 0.0
       -357.44946000 287.82957000 -126.47415000 1.0 0.0
       
TRITEX 139.72932000 146.31669000 435.19254000 0.0 1.0
       78.61539000 250.43499000 333.63150000 1.0 0.0
       139.72932000 146.31669000 333.63150000 1.0 1.0
       
TRITEX 139.72932000 146.31669000 435.19254000 0.0 1.0
       78.61536000 250.43502000 435.19254000 0.0 0.0
       78.61539000 250.43499000 333.63150000 1.0 0.0
       
TRITEX 139.72932000 146.31669000 333.63150000 0.0 1.0
       147.27567000 287.82957000 333.63138000 1.0 0.0
       220.50672000 193.20210000 333.63150000 1.0 1.0
       
TRITEX 139.72932000 146.31669000 333.63150000 0.0 1.0
       78.61539000 250.43499000 333.63150000 0.0 0.0
       147.27567000 287.82957000 333.63138000 1.0 0.0
       
TRITEX 220.50672000 193.20210000 333.63150000 0.0 1.0
       147.27567000 287.82960000 435.19254000 1.0 0.0
       220.50672000 193.20213000 435.19254000 1.0 1.0
       
TRITEX 220.50672000 193.20210000 333.63150000 0.0 1.0
       147.27567000 287.82957000 333.63138000 0.0 0.0
       147.27567000 287.82960000 435.19254000 1.0 0.0
       
TRITEX 244.91712000 -6.86385000 435.19254000 1.0 1.0
       147.97677000 -6.86385000 333.63150000 0.0 0.0
       244.91712000 -6.86385000 333.63150000 1.0 0.0
       
TRITEX 244.91712000 -6.86385000 435.19254000 1.0 1.0
       147.97677000 -6.86385000 435.19254000 0.0 1.0
       147.97677000 -6.86385000 333.63150000 0.0 0.0
       
TRITEX 244.91712000 113.13615000 435.19254000 0.0 1.0
       147.97677000 113.13615000 333.63150000 1.0 0.0
       147.97677000 113.13615000 435.19254000 1.0 1.0
       
TRITEX 244.91712000 113.13615000 435.19254000 0.0 1.0
       244.91712000 113.13615000 333.63150000 0.0 0.0
       147.97677000 113.13615000 333.63150000 1.0 0.0
       
TRITEX 244.91712000 -6.86385000 435.19254000 0.0 1.0
       147.97677000 113.13615000 435.19254000 1.0 0.0
       147.97677000 -6.86385000 435.19254000 1.0 1.0
       
TRITEX 244.91712000 -6.86385000 435.19254000 0.0 1.0
       244.91712000 113.13615000 435.19254000 0.0 0.0
       147.97677000 113.13615000 435.19254000 1.0 0.0
       
TRITEX -357.44949000 -6.86385000 -224.11557000 1.0 1.0
       -459.01059000 -6.86385000 -127.17522000 0.0 0.0
       -459.01059000 -6.86385000 -224.11557000 1.0 0.0
       
TRITEX -357.44949000 -6.86385000 -224.11557000 1.0 1.0
       -357.44946000 -6.86385000 -127.17522000 0.0 1.0
       -459.01059000 -6.86385000 -127.17522000 0.0 0.0
       
TRITEX -357.44949000 113.13615000 -224.11560000 0.0 1.0
       -459.01059000 113.13615000 -127.17522000 1.0 0.0
       -357.44946000 113.13615000 -127.17522000 1.0 1.0
       
TRITEX -357.44949000 113.13615000 -224.11560000 0.0 1.0
       -459.01059000 113.13615000 -224.11560000 0.0 0.0
       -459.01059000 113.13615000 -127.17522000 1.0 0.0
       
TRITEX -357.44949000 -6.86385000 -224.11557000 0.0 1.0
       -357.44946000 113.13615000 -127.17522000 1.0 0.0
       -357.44946000 -6.86385000 -127.17522000 1.0 1.0
       
TRITEX -357.44949000 -6.86385000 -224.11557000 0.0 1.0
       -357.44949000 113.13615000 -224.11560000 0.0 0.0
       -357.44946000 113.13615000 -127.17522000 1.0 0.0
       
TRITEX -357.44946000 -6.86385000 -127.17522000 0.0 1.0
       -459.01059000 113.13615000 -127.17522000 1.0 0.0
       -459.01059000 -6.86385000 -127.17522000 1.0 1.0
       
TRITEX -357.44946000 -6.86385000 -127.17522000 0.0 1.0
       -357.44946000 113.13615000 -127.17522000 0.0 0.0
       -459.01059000 113.13615000 -127.17522000 1.0 0.0
       
TRITEX -459.01059000 -6.86385000 -127.17522000 0.0 1.0
       -459.01059000 113.13615000 -224.11560000 1.0 0.0
       -459.01059000 -6.86385000 -224.11557000 1.0 1.0
       
TRITEX -459.01059000 -6.86385000 -127.17522000 0.0 1.0
       -459.01059000 113.13615000 -127.17522000 0.0 0.0
       -459.01059000 113.13615000 -224.11560000 1.0 0.0
       
TRITEX -459.01059000 -6.86385000 -224.11557000 0.0 1.0
       -357.44949000 113.13615000 -224.11560000 1.0 0.0
       -357.44949000 -6.86385000 -224.11557000 1.0 1.0
       
TRITEX -459.01059000 -6.86385000 -224.11557000 0.0 1.0
       -459.01059000 113.13615000 -224.11560000 0.0 0.0
       -357.44949000 113.13615000 -224.11560000 1.0 0.0
       
TRITEX 244.91712000 113.13615000 435.19254000 1.0 0.0
       244.91712000 -6.86385000 333.63150000 0.0 1.0
       244.91712000 113.13615000 333.63150000 0.0 0.0
       
TRITEX 244.91712000 113.13615000 435.19254000 1.0 0.0
       244.91712000 -6.86385000 435.19254000 1.0 1.0
       244.91712000 -6.86385000 333.63150000 0.0 1.0
       
TRITEX -459.01053000 250.43502000 76.77030000 1.0 0.0
       -357.44940000 146.31672000 137.88426000 0.0 1.0
       -459.01053000 146.31672000 137.88426000 1.0 1.0
       
TRITEX -459.01053000 250.43502000 76.77030000 1.0 0.0
       -357.44943000 250.43502000 76.77030000 0.0 0.0
       -357.44940000 146.31672000 137.88426000 0.0 1.0
       
TRITEX -357.44940000 193.20213000 218.66163000 0.0 1.0
       -357.44943000 250.43502000 76.77030000 1.0 0.0
       -357.44940000 287.82960000 145.43061000 0.0 0.0
       
TRITEX -357.44940000 193.20213000 218.66163000 0.0 1.0
       -357.44940000 146.31672000 137.88426000 1.0 1.0
       -357.44943000 250.43502000 76.77030000 1.0 0.0
       
TRITEX 147.97677000 -6.86385000 435.19254000 0.0 1.0
       147.97677000 113.13615000 333.63150000 1.0 0.0
       147.97677000 -6.86385000 333.63150000 1.0 1.0
       
TRITEX 147.97677000 -6.86385000 435.19254000 0.0 1.0
       147.97677000 113.13615000 435.19254000 0.0 0.0
       147.97677000 113.13615000 333.63150000 1.0 0.0
       
TRITEX -219.45192000 113.13615000 -424.20336000 1.0 0.0
       -219.45192000 -6.86385000 -322.64226000 0.0 1.0
       -219.45192000 113.13615000 -322.64226000 0.0 0.0
       
TRITEX -219.45192000 113.13615000 -424.20336000 1.0 0.0
       -219.45192000 -6.86385000 -424.20336000 1.0 1.0
       -219.45192000 -6.86385000 -322.64226000 0.0 1.0
       
TRITEX -357.44940000 287.82960000 145.43061000 0.0 1.0
       -459.01053000 250.43502000 76.77030000 1.0 0.0
       -459.01053000 287.82960000 145.43055000 0.0 0.0
       
TRITEX -357.44940000 287.82960000 145.43061000 0.0 1.0
       -357.44943000 250.43502000 76.77030000 1.0 1.0
       -459.01053000 250.43502000 76.77030000 1.0 0.0
       
TRITEX -219.45192000 113.13615000 -322.64226000 1.0 0.0
       -122.51157000 -6.86385000 -322.64226000 0.0 1.0
       -122.51157000 113.13615000 -322.64226000 0.0 0.0
       
TRITEX -219.45192000 113.13615000 -322.64226000 1.0 0.0
       -219.45192000 -6.86385000 -322.64226000 1.0 1.0
       -122.51157000 -6.86385000 -322.64226000 0.0 1.0
       
TRITEX -122.51157000 113.13615000 -322.64226000 1.0 0.0
       -122.51157000 -6.86385000 -424.20336000 0.0 1.0
       -122.51157000 113.13615000 -424.20336000 0.0 0.0
       
TRITEX -122.51157000 113.13615000 -322.64226000 1.0 0.0
       -122.51157000 -6.86385000 -322.64226000 1.0 1.0
       -122.51157000 -6.86385000 -424.20336000 0.0 1.0
       
TRITEX 357.14931000 113.13615000 242.90148000 1.0 0.0
       458.71041000 -6.86385000 242.90148000 0.0 1.0
       458.71041000 113.13615000 242.90148000 0.0 0.0
       
TRITEX 357.14931000 113.13615000 242.90148000 1.0 0.0
       357.14931000 -6.86385000 242.90148000 1.0 1.0
       458.71041000 -6.86385000 242.90148000 0.0 1.0
       
TRITEX 458.71041000 113.13615000 242.90148000 1.0 0.0
       458.71041000 -6.86385000 145.96110000 0.0 1.0
       458.71041000 113.13615000 145.96110000 0.0 0.0
       
TRITEX 458.71041000 113.13615000 242.90148000 1.0 0.0
       458.71041000 -6.86385000 242.90148000 1.0 1.0
       458.71041000 -6.86385000 145.96110000 0.0 1.0
       
TRITEX 458.71041000 113.13615000 145.96110000 1.0 0.0
       357.14931000 -6.86385000 145.96110000 0.0 1.0
       357.14931000 113.13615000 145.96110000 0.0 0.0
       
TRITEX 458.71041000 113.13615000 145.96110000 1.0 0.0
       458.71041000 -6.86385000 145.96110000 1.0 1.0
       357.14931000 -6.86385000 145.96110000 0.0 1.0
       
TRITEX 357.14931000 113.13615000 145.96110000 1.0 0.0
       357.14931000 -6.86385000 242.90148000 0.0 1.0
       357.14931000 113.13615000 242.90148000 0.0 0.0
       
TRITEX 357.14931000 113.13615000 145.96110000 1.0 0.0
       357.14931000 -6.86385000 145.96110000 1.0 1.0
       357.14931000 -6.86385000 242.90148000 0.0 1.0
       
TRITEX 458.71041000 113.13615000 145.96110000 1.0 0.0
       357.14931000 113.13615000 242.90148000 0.0 1.0
       458.71041000 113.13615000 242.90148000 0.0 0.0
       
TRITEX 458.71041000 113.13615000 145.96110000 1.0 0.0
       357.14931000 113.13615000 145.96110000 1.0 1.0
       357.14931000 113.13615000 242.90148000 0.0 1.0
       
TRITEX 458.71041000 -6.86385000 145.96110000 0.0 0.0
       357.14931000 -6.86385000 242.90148000 1.0 1.0
       357.14931000 -6.86385000 145.96110000 0.0 1.0
       
TRITEX 458.71041000 -6.86385000 145.96110000 0.0 0.0
       458.71041000 -6.86385000 242.90148000 1.0 0.0
       357.14931000 -6.86385000 242.90148000 1.0 1.0
       
TRITEX -122.51157000 113.13615000 -424.20336000 1.0 0.0
       -219.45192000 -6.86385000 -424.20336000 0.0 1.0
       -219.45192000 113.13615000 -424.20336000 0.0 0.0
       
TRITEX -122.51157000 113.13615000 -424.20336000 1.0 0.0
       -122.51157000 -6.86385000 -424.20336000 1.0 1.0
       -219.45192000 -6.86385000 -424.20336000 0.0 1.0
       
TRITEX -122.51157000 113.13615000 -322.64226000 1.0 0.0
       -219.45192000 113.13615000 -424.20336000 0.0 1.0
       -219.45192000 113.13615000 -322.64226000 0.0 0.0
       
TRITEX -122.51157000 113.13615000 -322.64226000 1.0 0.0
       -122.51157000 113.13615000 -424.20336000 1.0 1.0
       -219.45192000 113.13615000 -424.20336000 0.0 1.0
       
TRITEX -122.51157000 -6.86385000 -322.64226000 0.0 0.0
       -219.45192000 -6.86385000 -424.20336000 1.0 1.0
       -122.51157000 -6.86385000 -424.20336000 0.0 1.0
       
TRITEX -122.51157000 -6.86385000 -322.64226000 0.0 0.0
       -219.45192000 -6.86385000 -322.64226000 1.0 0.0
       -219.45192000 -6.86385000 -424.20336000 1.0 1.0
       
TRITEX 147.97677000 -6.86385000 333.63150000 0.0 1.0
       244.91712000 113.13615000 333.63150000 1.0 0.0
       244.91712000 -6.86385000 333.63150000 1.0 1.0
       
TRITEX 147.97677000 -6.86385000 333.63150000 0.0 1.0
       147.97677000 113.13615000 333.63150000 0.0 0.0
       244.91712000 113.13615000 333.63150000 1.0 0.0
       
TRITEX -121.81047000 287.82957000 -424.20336000 1.0 0.0
       -195.04155000 193.20210000 -322.64226000 0.0 1.0
       -121.81047000 287.82957000 -322.64226000 0.0 0.0
       
TRITEX -121.81047000 287.82957000 -424.20336000 1.0 0.0
       -195.04155000 193.20210000 -424.20336000 1.0 1.0
       -195.04155000 193.20210000 -322.64226000 0.0 1.0
       
TRITEX 357.14931000 287.82957000 145.26003000 1.0 0.0
       458.71041000 193.20210000 218.49105000 0.0 1.0
       458.71041000 287.82957000 145.26003000 0.0 0.0
       
TRITEX 357.14931000 287.82957000 145.26003000 1.0 0.0
       357.14931000 193.20210000 218.49105000 1.0 1.0
       458.71041000 193.20210000 218.49105000 0.0 1.0
       
TRITEX 458.71041000 287.82957000 145.26003000 1.0 0.0
       458.71041000 146.31669000 137.71368000 0.0 1.0
       458.71041000 250.43499000 76.59972000 0.0 0.0
       
TRITEX 458.71041000 287.82957000 145.26003000 1.0 0.0
       458.71041000 193.20210000 218.49105000 1.0 1.0
       458.71041000 146.31669000 137.71368000 0.0 1.0
       
TRITEX 458.71041000 250.43499000 76.59972000 1.0 0.0
       357.14931000 146.31669000 137.71368000 0.0 1.0
       357.14931000 250.43499000 76.59972000 0.0 0.0
       
TRITEX 458.71041000 250.43499000 76.59972000 1.0 0.0
       458.71041000 146.31669000 137.71368000 1.0 1.0
       357.14931000 146.31669000 137.71368000 0.0 1.0
       
TRITEX 357.14931000 250.43499000 76.59972000 1.0 0.0
       357.14931000 193.20210000 218.49105000 0.0 1.0
       357.14931000 287.82957000 145.26003000 0.0 0.0
       
TRITEX 357.14931000 250.43499000 76.59972000 1.0 0.0
       357.14931000 146.31669000 137.71368000 1.0 1.0
       357.14931000 193.20210000 218.49105000 0.0 1.0
       
TRITEX 458.71041000 250.43499000 76.59972000 1.0 0.0
       357.14931000 287.82957000 145.26003000 0.0 1.0
       458.71041000 287.82957000 145.26003000 0.0 0.0
       
TRITEX 458.71041000 250.43499000 76.59972000 1.0 0.0
       357.14931000 250.43499000 76.59972000 1.0 1.0
       357.14931000 287.82957000 145.26003000 0.0 1.0
       
TRITEX 458.71041000 146.31669000 137.71368000 0.0 0.0
       357.14931000 193.20210000 218.49105000 1.0 1.0
       357.14931000 146.31669000 137.71368000 0.0 1.0
       
TRITEX 458.71041000 146.31669000 137.71368000 0.0 0.0
       458.71041000 193.20210000 218.49105000 1.0 0.0
       357.14931000 193.20210000 218.49105000 1.0 1.0
       
TRITEX -121.81047000 287.82957000 -322.64226000 1.0 0.0
       -114.26415000 146.31669000 -322.64226000 0.0 1.0
       -53.15019000 250.43499000 -322.64226000 0.0 0.0
       
TRITEX -121.81047000 287.82957000 -322.64226000 1.0 0.0
       -195.04155000 193.20210000 -322.64226000 1.0 1.0
       -114.26415000 146.31669000 -322.64226000 0.0 1.0
       
TRITEX -53.15019000 250.43499000 -322.64226000 1.0 0.0
       -114.26415000 146.31669000 -424.20336000 0.0 1.0
       -53.15019000 250.43499000 -424.20336000 0.0 0.0
       
TRITEX -53.15019000 250.43499000 -322.64226000 1.0 0.0
       -114.26415000 146.31669000 -322.64226000 1.0 1.0
       -114.26415000 146.31669000 -424.20336000 0.0 1.0
       
TRITEX -53.15019000 250.43499000 -424.20336000 1.0 0.0
       -195.04155000 193.20210000 -424.20336000 0.0 1.0
       -121.81047000 287.82957000 -424.20336000 0.0 0.0
       
TRITEX -53.15019000 250.43499000 -424.20336000 1.0 0.0
       -114.26415000 146.31669000 -424.20336000 1.0 1.0
       -195.04155000 193.20210000 -424.20336000 0.0 1.0
       
TRITEX -53.15019000 250.43499000 -322.64226000 1.0 0.0
       -121.81047000 287.82957000 -424.20336000 0.0 1.0
       -121.81047000 287.82957000 -322.64226000 0.0 0.0
       
TRITEX -53.15019000 250.43499000 -322.64226000 1.0 0.0
       -53.15019000 250.43499000 -424.20336000 1.0 1.0
       -121.81047000 287.82957000 -424.20336000 0.0 1.0
       
TRITEX -114.26415000 146.31669000 -322.64226000 0.0 0.0
       -195.04155000 193.20210000 -424.20336000 1.0 1.0
       -114.26415000 146.31669000 -424.20336000 0.0 1.0
       
TRITEX -114.26415000 146.31669000 -322.64226000 0.0 0.0
       -195.04155000 193.20210000 -322.64226000 1.0 0.0
       -195.04155000 193.20210000 -424.20336000 1.0 1.0
       
TRITEX 247.73571000 -6.86385000 -322.64226000 0.0 1.0
       247.73571000 113.13615000 -424.20336000 1.0 0.0
       247.73571000 113.13615000 -322.64226000 0.0 0.0
       
TRITEX 247.73571000 -6.86385000 -322.64226000 0.0 1.0
       247.73571000 -6.86385000 -424.20336000 1.0 1.0
       247.73571000 113.13615000 -424.20336000 1.0 0.0
       
TRITEX 458.71041000 -6.86385000 -224.28621000 0.0 1.0
       357.14931000 113.13615000 -224.28618000 1.0 0.0
       458.71041000 113.13615000 -224.28621000 0.0 0.0
       
TRITEX 458.71041000 -6.86385000 -224.28621000 0.0 1.0
       357.14931000 -6.86385000 -224.28618000 1.0 1.0
       357.14931000 113.13615000 -224.28618000 1.0 0.0
       
TRITEX 458.71041000 -6.86385000 -127.34586000 0.0 1.0
       458.71041000 113.13615000 -224.28621000 1.0 0.0
       458.71041000 113.13615000 -127.34586000 0.0 0.0
       
TRITEX 458.71041000 -6.86385000 -127.34586000 0.0 1.0
       458.71041000 -6.86385000 -224.28621000 1.0 1.0
       458.71041000 113.13615000 -224.28621000 1.0 0.0
       
TRITEX 357.14931000 -6.86385000 -127.34580000 0.0 1.0
       458.71041000 113.13615000 -127.34586000 1.0 0.0
       357.14931000 113.13615000 -127.34580000 0.0 0.0
       
TRITEX 357.14931000 -6.86385000 -127.34580000 0.0 1.0
       458.71041000 -6.86385000 -127.34586000 1.0 1.0
       458.71041000 113.13615000 -127.34586000 1.0 0.0
       
TRITEX 357.14931000 -6.86385000 -224.28618000 0.0 1.0
       357.14931000 113.13615000 -127.34580000 1.0 0.0
       357.14931000 113.13615000 -224.28618000 0.0 0.0
       
TRITEX 357.14931000 -6.86385000 -224.28618000 0.0 1.0
       357.14931000 -6.86385000 -127.34580000 1.0 1.0
       357.14931000 113.13615000 -127.34580000 1.0 0.0
       
TRITEX 357.14931000 113.13615000 -224.28618000 0.0 1.0
       458.71041000 113.13615000 -127.34586000 1.0 0.0
       458.71041000 113.13615000 -224.28621000 0.0 0.0
       
TRITEX 357.14931000 113.13615000 -224.28618000 0.0 1.0
       357.14931000 113.13615000 -127.34580000 1.0 1.0
       458.71041000 113.13615000 -127.34586000 1.0 0.0
       
TRITEX 357.14931000 -6.86385000 -224.28618000 1.0 1.0
       458.71041000 -6.86385000 -127.34586000 0.0 0.0
       357.14931000 -6.86385000 -127.34580000 0.0 1.0
       
TRITEX 357.14931000 -6.86385000 -224.28618000 1.0 1.0
       458.71041000 -6.86385000 -224.28621000 1.0 0.0
       458.71041000 -6.86385000 -127.34586000 0.0 0.0
       
TRITEX 150.79536000 -6.86385000 -322.64226000 0.0 1.0
       247.73571000 113.13615000 -322.64226000 1.0 0.0
       150.79536000 113.13615000 -322.64226000 0.0 0.0
       
TRITEX 150.79536000 -6.86385000 -322.64226000 0.0 1.0
       247.73571000 -6.86385000 -322.64226000 1.0 1.0
       247.73571000 113.13615000 -322.64226000 1.0 0.0
       
TRITEX 150.79536000 -6.86385000 -424.20336000 0.0 1.0
       150.79536000 113.13615000 -322.64226000 1.0 0.0
       150.79536000 113.13615000 -424.20336000 0.0 0.0
       
TRITEX 150.79536000 -6.86385000 -424.20336000 0.0 1.0
       150.79536000 -6.86385000 -322.64226000 1.0 1.0
       150.79536000 113.13615000 -322.64226000 1.0 0.0
       
TRITEX 247.73571000 -6.86385000 -424.20336000 0.0 1.0
       150.79536000 113.13615000 -424.20336000 1.0 0.0
       247.73571000 113.13615000 -424.20336000 0.0 0.0
       
TRITEX 247.73571000 -6.86385000 -424.20336000 0.0 1.0
       150.79536000 -6.86385000 -424.20336000 1.0 1.0
       150.79536000 113.13615000 -424.20336000 1.0 0.0
       
TRITEX 247.73571000 113.13615000 -424.20336000 0.0 1.0
       150.79536000 113.13615000 -322.64226000 1.0 0.0
       247.73571000 113.13615000 -322.64226000 0.0 0.0
       
TRITEX 247.73571000 113.13615000 -424.20336000 0.0 1.0
       150.79536000 113.13615000 -424.20336000 1.0 1.0
       150.79536000 113.13615000 -322.64226000 1.0 0.0
       
TRITEX 247.73571000 -6.86385000 -424.20336000 1.0 1.0
       150.79536000 -6.86385000 -322.64226000 0.0 0.0
       150.79536000 -6.86385000 -424.20336000 0.0 1.0
       
TRITEX 247.73571000 -6.86385000 -424.20336000 1.0 1.0
       247.73571000 -6.86385000 -322.64226000 1.0 0.0
       150.79536000 -6.86385000 -322.64226000 0.0 0.0
       
TRITEX 458.71041000 193.20210000 -199.87581000 0.0 1.0
       357.14931000 287.82957000 -126.64473000 1.0 0.0
       458.71041000 287.82957000 -126.64473000 0.0 0.0
       
TRITEX 458.71041000 193.20210000 -199.87581000 0.0 1.0
       357.14931000 193.20210000 -199.87581000 1.0 1.0
       357.14931000 287.82957000 -126.64473000 1.0 0.0
       
TRITEX 458.71041000 146.31669000 -119.09838000 0.0 1.0
       458.71041000 287.82957000 -126.64473000 1.0 0.0
       458.71041000 250.43499000 -57.98448000 0.0 0.0
       
TRITEX 458.71041000 146.31669000 -119.09838000 0.0 1.0
       458.71041000 193.20210000 -199.87581000 1.0 1.0
       458.71041000 287.82957000 -126.64473000 1.0 0.0
       
TRITEX 223.32534000 193.20210000 -322.64226000 0.0 1.0
       150.09426000 287.82957000 -424.20336000 1.0 0.0
       150.09426000 287.82957000 -322.64226000 0.0 0.0
       
TRITEX 223.32534000 193.20210000 -322.64226000 0.0 1.0
       223.32534000 193.20210000 -424.20336000 1.0 1.0
       150.09426000 287.82957000 -424.20336000 1.0 0.0
       
TRITEX -357.44940000 193.20213000 218.66163000 1.0 1.0
       -459.01053000 146.31672000 137.88426000 0.0 0.0
       -357.44940000 146.31672000 137.88426000 0.0 1.0
       
TRITEX -357.44940000 193.20213000 218.66163000 1.0 1.0
       -459.01047000 193.20213000 218.66163000 1.0 0.0
       -459.01053000 146.31672000 137.88426000 0.0 0.0
       
TRITEX 142.54791000 146.31669000 -322.64226000 0.0 1.0
       150.09426000 287.82957000 -322.64226000 1.0 0.0
       81.43398000 250.43499000 -322.64226000 0.0 0.0
       
TRITEX 142.54791000 146.31669000 -322.64226000 0.0 1.0
       223.32534000 193.20210000 -322.64226000 1.0 1.0
       150.09426000 287.82957000 -322.64226000 1.0 0.0
       
TRITEX 142.54791000 146.31669000 -424.20336000 0.0 1.0
       81.43398000 250.43499000 -322.64226000 1.0 0.0
       81.43398000 250.43499000 -424.20336000 0.0 0.0
       
TRITEX 142.54791000 146.31669000 -424.20336000 0.0 1.0
       142.54791000 146.31669000 -322.64226000 1.0 1.0
       81.43398000 250.43499000 -322.64226000 1.0 0.0
       
TRITEX 223.32534000 193.20210000 -424.20336000 0.0 1.0
       81.43398000 250.43499000 -424.20336000 1.0 0.0
       150.09426000 287.82957000 -424.20336000 0.0 0.0
       
TRITEX 223.32534000 193.20210000 -424.20336000 0.0 1.0
       142.54791000 146.31669000 -424.20336000 1.0 1.0
       81.43398000 250.43499000 -424.20336000 1.0 0.0
       
TRITEX 150.09426000 287.82957000 -424.20336000 0.0 1.0
       81.43398000 250.43499000 -322.64226000 1.0 0.0
       150.09426000 287.82957000 -322.64226000 0.0 0.0
       
TRITEX 150.09426000 287.82957000 -424.20336000 0.0 1.0
       81.43398000 250.43499000 -424.20336000 1.0 1.0
       81.43398000 250.43499000 -322.64226000 1.0 0.0
       
TRITEX 223.32534000 193.20210000 -424.20336000 1.0 1.0
       142.54791000 146.31669000 -322.64226000 0.0 0.0
       142.54791000 146.31669000 -424.20336000 0.0 1.0
       
TRITEX 223.32534000 193.20210000 -424.20336000 1.0 1.0
       223.32534000 193.20210000 -322.64226000 1.0 0.0
       142.54791000 146.31669000 -322.64226000 0.0 0.0
       
TRITEX -124.62909000 287.82960000 435.19254000 0.0 1.0
       -55.96875000 250.43499000 333.63150000 1.0 0.0
       -124.62906000 287.82957000 333.63150000 0.0 0.0
       
TRITEX -124.62909000 287.82960000 435.19254000 0.0 1.0
       -55.96878000 250.43502000 435.19254000 1.0 1.0
       -55.96875000 250.43499000 333.63150000 1.0 0.0
       
TRITEX -197.86014000 193.20213000 435.19254000 1.0 1.0
       -117.08271000 146.31669000 333.63150000 0.0 0.0
       -117.08274000 146.31669000 435.19254000 0.0 1.0
       
TRITEX -197.86014000 193.20213000 435.19254000 1.0 1.0
       -197.86011000 193.20210000 333.63150000 1.0 0.0
       -117.08271000 146.31669000 333.63150000 0.0 0.0
       
TRITEX 458.71041000 146.31669000 -119.09838000 0.0 0.0
       357.14931000 193.20210000 -199.87581000 1.0 1.0
       458.71041000 193.20210000 -199.87581000 1.0 0.0
       
TRITEX 458.71041000 146.31669000 -119.09838000 0.0 0.0
       357.14931000 146.31669000 -119.09838000 0.0 1.0
       357.14931000 193.20210000 -199.87581000 1.0 1.0
       
TRITEX 458.71041000 250.43499000 -57.98448000 1.0 0.0
       357.14931000 287.82957000 -126.64473000 0.0 1.0
       357.14931000 250.43499000 -57.98442000 1.0 1.0
       
TRITEX 458.71041000 250.43499000 -57.98448000 1.0 0.0
       458.71041000 287.82957000 -126.64473000 0.0 0.0
       357.14931000 287.82957000 -126.64473000 0.0 1.0
       
TRITEX 357.14931000 250.43499000 -57.98442000 1.0 0.0
       357.14931000 193.20210000 -199.87581000 0.0 1.0
       357.14931000 146.31669000 -119.09838000 1.0 1.0
       
TRITEX 357.14931000 250.43499000 -57.98442000 1.0 0.0
       357.14931000 287.82957000 -126.64473000 0.0 0.0
       357.14931000 193.20210000 -199.87581000 0.0 1.0
       
TRITEX 458.71041000 250.43499000 -57.98448000 1.0 0.0
       357.14931000 146.31669000 -119.09838000 0.0 1.0
       458.71041000 146.31669000 -119.09838000 1.0 1.0
       
TRITEX 458.71041000 250.43499000 -57.98448000 1.0 0.0
       357.14931000 250.43499000 -57.98442000 0.0 0.0
       357.14931000 146.31669000 -119.09838000 0.0 1.0
       

TEXTURE corridor07
TRITEX -116.84871000 61.56834000 443.87883000 0.0 1.0
       -85.90329000 177.50961000 323.87883000 1.0 0.0
       -85.90329000 177.50964000 443.87883000 0.0 0.0
       
TRITEX -116.84871000 61.56834000 443.87883000 0.0 1.0
       -116.84868000 61.56834000 323.87883000 1.0 1.0
       -85.90329000 177.50961000 323.87883000 1.0 0.0
       
TRITEX 139.49532000 61.56834000 443.87883000 0.0 1.0
       108.54993000 177.50961000 323.87883000 1.0 0.0
       139.49532000 61.56834000 323.87883000 1.0 1.0
       
TRITEX 139.49532000 61.56834000 443.87883000 0.0 1.0
       108.54990000 177.50964000 443.87883000 0.0 0.0
       108.54993000 177.50961000 323.87883000 1.0 0.0
       
TRITEX -468.76317000 177.50964000 106.70484000 1.0 0.0
       -348.76317000 61.56837000 137.65023000 0.0 1.0
       -468.76317000 61.56837000 137.65023000 1.0 1.0
       
TRITEX -468.76317000 177.50964000 106.70484000 1.0 0.0
       -348.76320000 177.50964000 106.70484000 0.0 0.0
       -348.76317000 61.56837000 137.65023000 0.0 1.0
       
TRITEX -348.76323000 61.56834000 -118.69377000 0.0 1.0
       -468.76317000 177.50961000 -87.74838000 1.0 0.0
       -468.76317000 61.56834000 -118.69377000 1.0 1.0
       
TRITEX -348.76323000 61.56834000 -118.69377000 0.0 1.0
       -348.76323000 177.50961000 -87.74838000 0.0 0.0
       -468.76317000 177.50961000 -87.74838000 1.0 0.0
       
TRITEX 111.36849000 177.50961000 -312.88959000 1.0 0.0
       142.31388000 61.56834000 -432.88959000 0.0 1.0
       142.31388000 61.56834000 -312.88959000 1.0 1.0
       
TRITEX 111.36849000 177.50961000 -312.88959000 1.0 0.0
       111.36849000 177.50961000 -432.88959000 0.0 0.0
       142.31388000 61.56834000 -432.88959000 0.0 1.0
       
TRITEX 468.46308000 177.50961000 106.53426000 1.0 0.0
       348.46308000 61.56834000 137.47965000 0.0 1.0
       348.46308000 177.50961000 106.53426000 0.0 0.0
       
TRITEX 468.46308000 177.50961000 106.53426000 1.0 0.0
       468.46308000 61.56834000 137.47965000 1.0 1.0
       348.46308000 61.56834000 137.47965000 0.0 1.0
       
TRITEX 468.46308000 177.50961000 -87.91896000 1.0 0.0
       348.46308000 61.56834000 -118.86435000 0.0 1.0
       468.46308000 61.56834000 -118.86435000 1.0 1.0
       
TRITEX 468.46308000 177.50961000 -87.91896000 1.0 0.0
       348.46308000 177.50961000 -87.91896000 0.0 0.0
       348.46308000 61.56834000 -118.86435000 0.0 1.0
       
TRITEX -83.08473000 177.50961000 -312.88959000 1.0 0.0
       -114.03012000 61.56834000 -432.88959000 0.0 1.0
       -83.08473000 177.50961000 -432.88959000 0.0 0.0
       
TRITEX -83.08473000 177.50961000 -312.88959000 1.0 0.0
       -114.03012000 61.56834000 -312.88959000 1.0 1.0
       -114.03012000 61.56834000 -432.88959000 0.0 1.0
       

TEXTURE corridor01
TRITEX 405.46071000 24.21678000 -369.47823000 0.9995 0.999501
       405.46071000 37.34178000 -369.47823000 0.9995 0.0004990000000000272
       405.46071000 24.21678000 383.75307000 0.0005 0.999501
       
TRITEX -405.52725000 24.21678000 383.75307000 0.9995 0.999501
       -405.52725000 37.34178000 -369.47823000 0.0005 0.0004990000000000272
       -405.52725000 24.21678000 -369.47823000 0.0005 0.999501
       
TRITEX -405.52725000 37.34178000 383.75307000 0.9995 0.0004990000000000272
       -405.52725000 37.34178000 -369.47823000 0.0005 0.0004990000000000272
       -405.52725000 24.21678000 383.75307000 0.9995 0.999501
       
TRITEX -405.52725000 24.21678000 -369.47823000 0.9995 0.999501
       405.46071000 37.34178000 -369.47823000 0.0005 0.0004990000000000272
       405.46071000 24.21678000 -369.47823000 0.0005 0.999501
       
TRITEX -405.52725000 37.34178000 -369.47823000 0.9995 0.0004990000000000272
       405.46071000 37.34178000 -369.47823000 0.0005 0.0004990000000000272
       -405.52725000 24.21678000 -369.47823000 0.9995 0.999501
       
TRITEX -405.52725000 24.21678000 383.75307000 0.0005 0.999501
       405.46071000 37.34178000 383.75307000 0.9995 0.0004990000000000272
       -405.52725000 37.34178000 383.75307000 0.0005 0.0004990000000000272
       
TRITEX 405.46071000 24.21678000 383.75307000 0.9995 0.999501
       405.46071000 37.34178000 383.75307000 0.9995 0.0004990000000000272
       -405.52725000 24.21678000 383.75307000 0.0005 0.999501
       
TRITEX -405.52725000 37.34178000 383.75307000 -0.333003 -0.418439
       405.46071000 37.34178000 -369.47823000 1.250906 1.081231
       -405.52725000 37.34178000 -369.47823000 1.251966 -0.4181999999999999
       
TRITEX 405.46071000 37.34178000 383.75307000 -0.331638 1.079781
       405.46071000 37.34178000 -369.47823000 1.250906 1.081231
       -405.52725000 37.34178000 383.75307000 -0.333003 -0.418439
       
TRITEX -405.52725000 24.21678000 383.75307000 0.096514 -0.4188590000000001
       405.46071000 24.21678000 -369.47823000 0.902121 1.079361
       405.46071000 24.21678000 383.75307000 0.097879 1.079361
       
TRITEX -405.52725000 24.21678000 -369.47823000 0.900756 -0.41885799999999995
       405.46071000 24.21678000 -369.47823000 0.902121 1.079361
       -405.52725000 24.21678000 383.75307000 0.096514 -0.4188590000000001
       
TRITEX 405.46071000 24.21678000 383.75307000 0.0005 0.999501
       405.46071000 37.34178000 -369.47823000 0.9995 0.0004990000000000272
       405.46071000 37.34178000 383.75307000 0.0005 0.0004990000000000272
       

TEXTURE corridor04
       
       
   
       
TRITEX 400.91001000 312.96678000 -368.06613000 1.499001 1.499001
       -403.59909000 312.96678000 380.67702000 -0.499001 -0.49900100000000003
       -403.59909000 312.96678000 -368.06613000 -0.499 1.499001
       
       
       
TRITEX 400.91001000 312.96678000 380.67702000 1.499001 -0.49900100000000003
       -403.59909000 312.96678000 380.67702000 -0.499001 -0.49900100000000003
       400.91001000 312.96678000 -368.06613000 1.499001 1.499001
       

TEXTURE corridor08
TRITEX -189.83172000 79.85733000 -374.91441000 1.499001 0.9995
       -356.11665000 265.85262000 -135.53604000 -0.499001 0.0004999999999999449
       -391.61346000 79.85736000 -170.17725000 -0.499001 0.9995
       
TRITEX -31.24665000 358.29480000 -281.54559000 1.499001 0.0005009999999999737
       -308.05413000 358.29483000 -3.56106000 -0.499001 0.0004990000000000272
       -134.36394000 214.21170000 -382.17744000 1.499001 0.999501
       
TRITEX -134.36394000 214.21170000 -382.17744000 1.499001 0.999501
       -308.05413000 358.29483000 -3.56106000 -0.499001 0.0004990000000000272
       -411.17139000 214.21173000 -104.19291000 -0.499001 0.999499
       
TRITEX -390.82833000 80.79486000 184.34442000 1.499001 0.09456799999999999
       -479.30967000 80.79489000 270.69318000 1.499001 0.9995
       -279.49239000 80.79486000 473.41743000 -0.499001 0.999499
       
TRITEX -390.82833000 80.79486000 184.34442000 1.499001 0.09456799999999999
       -279.49239000 80.79486000 473.41743000 -0.499001 0.999499
       -191.01099000 80.79486000 387.06876000 -0.499001 0.09456699999999996
       
TRITEX 145.87083000 214.21173000 398.27655000 1.499001 0.999501
       318.77967000 358.29483000 21.91665000 -0.499001 0.0004990000000000272
       421.89693000 214.21173000 122.54853000 -0.499001 0.999499
       
TRITEX 42.75354000 358.29483000 297.64464000 1.499001 0.0005009999999999737
       318.77967000 358.29483000 21.91665000 -0.499001 0.0004990000000000272
       145.87083000 214.21173000 398.27655000 1.499001 0.999501
       
TRITEX 201.33861000 79.85736000 391.01355000 1.499001 0.9995
       367.62354000 265.85262000 151.63506000 -0.499001 0.0004999999999999449
       403.12038000 79.85736000 186.27633000 -0.499001 0.9995
       
TRITEX 165.84183000 265.85262000 356.37228000 1.499001 0.0004999999999999449
       367.62354000 265.85262000 151.63506000 -0.499001 0.0004999999999999449
       201.33861000 79.85736000 391.01355000 1.499001 0.9995
       
TRITEX -271.99689000 80.79483000 -451.16925000 -0.499001 0.999499
       -383.33283000 80.79486000 -162.09618000 1.499001 0.09456799999999999
       -183.51546000 80.79483000 -364.82055000 -0.499001 0.09456699999999996
       
TRITEX -471.81420000 80.79489000 -248.44494000 1.499001 0.9995
       -383.33283000 80.79486000 -162.09618000 1.499001 0.09456799999999999
       -271.99689000 80.79483000 -451.16925000 -0.499001 0.999499
       
TRITEX -363.61215000 265.85262000 157.78422000 -0.499001 0.0004999999999999449
       -161.83050000 265.85262000 362.52141000 1.499001 0.0004999999999999449
       -197.32728000 79.85736000 397.16256000 1.499001 0.9995
       
TRITEX -363.61215000 265.85262000 157.78422000 -0.499001 0.0004999999999999449
       -197.32728000 79.85736000 397.16256000 1.499001 0.9995
       -399.10896000 79.85736000 192.42543000 -0.499001 0.9995
       
TRITEX -304.38138000 358.29483000 34.84971000 -0.499001 0.0004990000000000272
       -38.74221000 358.29483000 303.79377000 1.499001 0.0005009999999999737
       -141.85950000 214.21173000 404.42568000 1.499001 0.999501
       
TRITEX -304.38138000 358.29483000 34.84971000 -0.499001 0.0004990000000000272
       -141.85950000 214.21173000 404.42568000 1.499001 0.999501
       -407.49864000 214.21173000 135.48162000 -0.499001 0.999499
       
TRITEX 402.70083000 80.79486000 -166.99773000 1.499001 0.09456799999999999
       491.18226000 80.79489000 -253.34655000 1.499001 0.9995
       291.36489000 80.79483000 -456.07086000 -0.499001 0.999499
       
TRITEX 402.70083000 80.79486000 -166.99773000 1.499001 0.09456799999999999
       291.36489000 80.79483000 -456.07086000 -0.499001 0.999499
       202.88346000 80.79483000 -369.72210000 -0.499001 0.09456699999999996
       
TRITEX 283.50375000 80.79486000 467.26839000 -0.499001 0.999499
       394.83975000 80.79486000 178.19526000 1.499001 0.09456799999999999
       195.02232000 80.79486000 380.91963000 -0.499001 0.09456699999999996
       
TRITEX 483.32109000 80.79489000 264.54402000 1.499001 0.9995
       394.83975000 80.79486000 178.19526000 1.499001 0.09456799999999999
       283.50375000 80.79486000 467.26839000 -0.499001 0.999499
       
TRITEX 375.48465000 265.85262000 -140.43759000 -0.499001 0.0004999999999999449
       173.70297000 265.85259000 -345.17481000 1.499001 0.0004999999999999449
       209.19975000 79.85733000 -379.81602000 1.499001 0.9995
       
TRITEX 375.48465000 265.85262000 -140.43759000 -0.499001 0.0004999999999999449
       209.19975000 79.85733000 -379.81602000 1.499001 0.9995
       410.98146000 79.85736000 -175.07880000 -0.499001 0.9995
       
TRITEX 316.25388000 358.29483000 -17.50311000 -0.499001 0.0004990000000000272
       50.61465000 358.29480000 -286.44723000 1.499001 0.0005009999999999737
       153.73194000 214.21170000 -387.07908000 1.499001 0.999501
       
TRITEX 316.25388000 358.29483000 -17.50311000 -0.499001 0.0004990000000000272
       153.73194000 214.21170000 -387.07908000 1.499001 0.999501
       419.37114000 214.21173000 -118.13496000 -0.499001 0.999499
       
TRITEX -154.33497000 265.85259000 -340.27320000 1.499001 0.0004999999999999449
       -356.11665000 265.85262000 -135.53604000 -0.499001 0.0004999999999999449
       -189.83172000 79.85733000 -374.91441000 1.499001 0.9995
       

TEXTURE corridor09
TRITEX 402.70083000 80.79486000 -166.99773000 -2.996503 0.0004990000000000272
       202.88346000 80.79483000 -369.72210000 3.996503 0.0004990000000000272
       193.68585000 36.73233000 -360.74622000 3.996503 0.999501
       
TRITEX 195.02232000 80.79486000 380.91963000 3.996503 0.0004990000000000272
       394.83975000 80.79486000 178.19526000 -2.996503 0.0004990000000000272
       185.82474000 36.73236000 371.94369000 3.996503 0.999501
       
TRITEX 185.82474000 36.73236000 371.94369000 3.996503 0.999501
       394.83975000 80.79486000 178.19526000 -2.996503 0.0004990000000000272
       385.64214000 36.73239000 169.21938000 -2.996503 0.999501
       
TRITEX -390.82833000 80.79486000 184.34442000 -2.996503 0.0004990000000000272
       -181.81341000 36.73236000 378.09282000 3.996503 0.999501
       -381.63075000 36.73239000 175.36851000 -2.996503 0.999501
       
TRITEX -390.82833000 80.79486000 184.34442000 -2.996503 0.0004990000000000272
       -191.01099000 80.79486000 387.06876000 3.996503 0.0004990000000000272
       -181.81341000 36.73236000 378.09282000 3.996503 0.999501
       
TRITEX -183.51546000 80.79483000 -364.82055000 3.996503 0.0004990000000000272
       -383.33283000 80.79486000 -162.09618000 -2.996503 0.0004990000000000272
       -174.31785000 36.73233000 -355.84458000 3.996503 0.999501
       
TRITEX -174.31785000 36.73233000 -355.84458000 3.996503 0.999501
       -383.33283000 80.79486000 -162.09618000 -2.996503 0.0004990000000000272
       -374.13522000 36.73239000 -153.12030000 -2.996503 0.999501
       
TRITEX 402.70083000 80.79486000 -166.99773000 -2.996503 0.0004990000000000272
       193.68585000 36.73233000 -360.74622000 3.996503 0.999501
       393.50325000 36.73239000 -158.02185000 -2.996503 0.999501
       

OBJECT 185 CROSSING03


TEXTURE corridor04
       
       
TRITEX 394.28586000 312.96681000 -332.14890000 1.499001 1.499001
       -410.22327000 312.96681000 416.59425000 -0.499001 -0.49900100000000003
       -410.22327000 312.96681000 -332.14890000 -0.499 1.499001
       
TRITEX 394.28586000 312.96681000 416.59425000 1.499001 -0.49900100000000003
       -410.22327000 312.96681000 416.59425000 -0.499001 -0.49900100000000003
       394.28586000 312.96681000 -332.14890000 1.499001 1.499001
       
       

TEXTURE corridor08
TRITEX -370.86723000 266.46207000 194.01291000 -1.997502 0.0004999999999999449
       354.75771000 80.46678000 243.61176000 2.997503 0.9995
       -370.86726000 80.46681000 243.61170000 -1.997502 0.9995
       
TRITEX -370.86723000 358.90431000 65.04915000 -1.997502 0.0004990000000000272
       354.75774000 358.90425000 65.04921000 2.997502 0.0005009999999999737
       354.75771000 214.82115000 209.13234000 2.997502 0.999501
       
TRITEX -370.86723000 358.90431000 65.04915000 -1.997502 0.0004990000000000272
       354.75771000 214.82115000 209.13234000 2.997502 0.999501
       -370.86723000 214.82118000 209.13228000 -1.997502 0.999499
       
TRITEX -140.98818000 214.21167000 -346.26021000 1.499001 0.999501
       -314.67831000 358.29483000 32.35620000 -0.499001 0.0004990000000000272
       -417.79557000 214.21170000 -68.27565000 -0.499001 0.999499
       
TRITEX -370.86723000 266.46207000 194.01291000 -1.997502 0.0004999999999999449
       354.75771000 266.46204000 194.01300000 2.997503 0.0004999999999999449
       354.75771000 80.46678000 243.61176000 2.997503 0.9995
       
TRITEX -37.87089000 358.29480000 -245.62842000 1.499001 0.0005009999999999737
       -314.67831000 358.29483000 32.35620000 -0.499001 0.0004990000000000272
       -140.98818000 214.21167000 -346.26021000 1.499001 0.999501
       
TRITEX -278.62113000 80.79483000 -415.25202000 -0.499001 0.999499
       -389.95704000 80.79483000 -126.17889000 1.499001 0.09456799999999999
       -190.13967000 80.79483000 -328.90326000 -0.499001 0.09456699999999996
       
TRITEX -478.43844000 80.79483000 -212.52765000 1.499001 0.9995
       -389.95704000 80.79483000 -126.17889000 1.499001 0.09456799999999999
       -278.62113000 80.79483000 -415.25202000 -0.499001 0.999499
       
TRITEX 396.07665000 80.79486000 -131.08053000 1.499001 0.09456799999999999
       484.55808000 80.79486000 -217.42929000 1.499001 0.9995
       284.74071000 80.79483000 -420.15357000 -0.499001 0.999499
       
TRITEX 396.07665000 80.79486000 -131.08053000 1.499001 0.09456799999999999
       284.74071000 80.79483000 -420.15357000 -0.499001 0.999499
       196.25928000 80.79483000 -333.80487000 -0.499001 0.09456699999999996
       
TRITEX 368.86047000 265.85262000 -104.52036000 -0.499001 0.0004999999999999449
       167.07879000 265.85259000 -309.25752000 1.499001 0.0004999999999999449
       202.57557000 79.85733000 -343.89873000 1.499001 0.9995
       
TRITEX 368.86047000 265.85262000 -104.52036000 -0.499001 0.0004999999999999449
       202.57557000 79.85733000 -343.89873000 1.499001 0.9995
       404.35728000 79.85736000 -139.16160000 -0.499001 0.9995
       
TRITEX 309.62970000 358.29483000 18.41412000 -0.499001 0.0004990000000000272
       43.99047000 358.29480000 -250.52994000 1.499001 0.0005009999999999737
       147.10779000 214.21167000 -351.16185000 1.499001 0.999501
       
TRITEX -196.45596000 79.85733000 -338.99718000 1.499001 0.9995
       -362.74083000 265.85262000 -99.61875000 -0.499001 0.0004999999999999449
       -398.23767000 79.85733000 -134.25996000 -0.499001 0.9995
       
TRITEX -160.95918000 265.85256000 -304.35597000 1.499001 0.0004999999999999449
       -362.74083000 265.85262000 -99.61875000 -0.499001 0.0004999999999999449
       -196.45596000 79.85733000 -338.99718000 1.499001 0.9995
       
TRITEX 309.62970000 358.29483000 18.41412000 -0.499001 0.0004990000000000272
       147.10779000 214.21167000 -351.16185000 1.499001 0.999501
       412.74696000 214.21170000 -82.21776000 -0.499001 0.999499
       
TRITEX -370.86726000 81.40431000 232.04136000 2.997502 0.09456799999999999
       351.94518000 81.40431000 355.67424000 -1.997502 0.999499
       351.94521000 81.40428000 232.04145000 -1.997502 0.09456699999999996
       
TRITEX -370.86726000 81.40431000 232.04136000 2.997502 0.09456799999999999
       -370.86726000 81.40434000 355.67418000 2.997502 0.9995
       351.94518000 81.40431000 355.67424000 -1.997502 0.999499
       

TEXTURE corridor09
TRITEX -180.94209000 36.73233000 -319.92738000 3.996503 0.999501
       -389.95704000 80.79483000 -126.17889000 -2.996503 0.0004990000000000272
       -380.75940000 36.73236000 -117.20298000 -2.996503 0.999501
       
TRITEX -190.13967000 80.79483000 -328.90326000 3.996503 0.0004990000000000272
       -389.95704000 80.79483000 -126.17889000 -2.996503 0.0004990000000000272
       -180.94209000 36.73233000 -319.92738000 3.996503 0.999501
       
TRITEX -370.86726000 81.40431000 232.04136000 -6.542956 0.0004990000000000272
       351.94521000 37.34178000 219.18987000 7.542956 0.999501
       -370.86726000 37.34181000 219.18981000 -6.542956 0.999501
       
TRITEX -370.86726000 81.40431000 232.04136000 -6.542956 0.0004990000000000272
       351.94521000 81.40428000 232.04145000 7.542956 0.0004990000000000272
       351.94521000 37.34178000 219.18987000 7.542956 0.999501
       
TRITEX 396.07665000 80.79486000 -131.08053000 -2.996503 0.0004990000000000272
       196.25928000 80.79483000 -333.80487000 3.996503 0.0004990000000000272
       187.06167000 36.73233000 -324.82893000 3.996503 0.999501
       
TRITEX 396.07665000 80.79486000 -131.08053000 -2.996503 0.0004990000000000272
       187.06167000 36.73233000 -324.82893000 3.996503 0.999501
       386.87904000 36.73236000 -122.10462000 -2.996503 0.999501
       

TEXTURE entrance_uni2
TRITEX -355.38738000 188.68359000 135.59775000 1.0 1.0
       -475.38738000 251.83776000 33.56073000 0.0 0.0
       -355.38738000 251.83776000 33.56076000 0.0 1.0
       
TRITEX -355.38738000 188.68359000 135.59775000 1.0 1.0
       -475.38738000 188.68359000 135.59775000 1.0 0.0
       -475.38738000 251.83776000 33.56073000 0.0 0.0
       
TRITEX -475.38738000 353.87478000 96.71490000 1.0 0.0
       -355.38735000 290.72064000 198.75192000 0.0 1.0
       -355.38738000 353.87478000 96.71490000 1.0 1.0
       
TRITEX -475.38738000 353.87478000 96.71490000 1.0 0.0
       -475.38735000 290.72064000 198.75189000 0.0 0.0
       -355.38735000 290.72064000 198.75192000 0.0 1.0
       
TRITEX -355.38738000 353.87478000 96.71490000 1.0 0.0
       -355.38738000 188.68359000 135.59775000 0.0 1.0
       -355.38738000 251.83776000 33.56076000 1.0 1.0
       
TRITEX -355.38738000 353.87478000 96.71490000 1.0 0.0
       -355.38735000 290.72064000 198.75192000 0.0 0.0
       -355.38738000 188.68359000 135.59775000 0.0 1.0
       
TRITEX -475.38738000 353.87478000 96.71490000 1.0 0.0
       -355.38738000 251.83776000 33.56076000 0.0 1.0
       -475.38738000 251.83776000 33.56073000 1.0 1.0
       
TRITEX -475.38738000 353.87478000 96.71490000 1.0 0.0
       -355.38738000 353.87478000 96.71490000 0.0 0.0
       -355.38738000 251.83776000 33.56076000 0.0 1.0
       
TRITEX -475.38735000 290.72064000 198.75189000 1.0 0.0
       -475.38738000 251.83776000 33.56073000 0.0 1.0
       -475.38738000 188.68359000 135.59775000 1.0 1.0
       
TRITEX -475.38735000 290.72064000 198.75189000 1.0 0.0
       -475.38738000 353.87478000 96.71490000 0.0 0.0
       -475.38738000 251.83776000 33.56073000 0.0 1.0
       
TRITEX -355.38735000 290.72064000 198.75192000 1.0 0.0
       -475.38738000 188.68359000 135.59775000 0.0 1.0
       -355.38738000 188.68359000 135.59775000 1.0 1.0
       
TRITEX -355.38735000 290.72064000 198.75192000 1.0 0.0
       -475.38735000 290.72064000 198.75189000 0.0 0.0
       -475.38738000 188.68359000 135.59775000 0.0 1.0
       
TRITEX -341.88705000 314.90577000 107.30802000 0.0 1.0
       -492.41946000 314.90571000 -12.40218000 1.0 0.0
       -492.41946000 314.90577000 107.30799000 0.0 0.0
       
TRITEX -341.88705000 314.90577000 107.30802000 0.0 1.0
       -341.88702000 314.90577000 -12.40215000 1.0 1.0
       -492.41946000 314.90571000 -12.40218000 1.0 0.0
       
TRITEX -355.38741000 188.68359000 -44.80683000 1.0 1.0
       -475.38738000 251.83776000 57.23019000 0.0 0.0
       -475.38738000 188.68359000 -44.80683000 1.0 0.0
       
TRITEX -355.38741000 188.68359000 -44.80683000 1.0 1.0
       -355.38738000 251.83776000 57.23019000 0.0 1.0
       -475.38738000 251.83776000 57.23019000 0.0 0.0
       
TRITEX -355.38741000 290.72058000 -107.96100000 0.0 1.0
       -475.38738000 353.87478000 -5.92401000 1.0 0.0
       -355.38738000 353.87478000 -5.92398000 1.0 1.0
       
TRITEX -355.38741000 290.72058000 -107.96100000 0.0 1.0
       -475.38741000 290.72058000 -107.96100000 0.0 0.0
       -475.38738000 353.87478000 -5.92401000 1.0 0.0
       
TRITEX -355.38741000 188.68359000 -44.80683000 0.0 1.0
       -355.38738000 353.87478000 -5.92398000 1.0 0.0
       -355.38738000 251.83776000 57.23019000 1.0 1.0
       
TRITEX -355.38741000 188.68359000 -44.80683000 0.0 1.0
       -355.38741000 290.72058000 -107.96100000 0.0 0.0
       -355.38738000 353.87478000 -5.92398000 1.0 0.0
       
TRITEX -355.38738000 251.83776000 57.23019000 0.0 1.0
       -475.38738000 353.87478000 -5.92401000 1.0 0.0
       -475.38738000 251.83776000 57.23019000 1.0 1.0
       
TRITEX -355.38738000 251.83776000 57.23019000 0.0 1.0
       -355.38738000 353.87478000 -5.92398000 0.0 0.0
       -475.38738000 353.87478000 -5.92401000 1.0 0.0
       
TRITEX -475.38738000 251.83776000 57.23019000 0.0 1.0
       -475.38741000 290.72058000 -107.96100000 1.0 0.0
       -475.38738000 188.68359000 -44.80683000 1.0 1.0
       
TRITEX -475.38738000 251.83776000 57.23019000 0.0 1.0
       -475.38738000 353.87478000 -5.92401000 0.0 0.0
       -475.38741000 290.72058000 -107.96100000 1.0 0.0
       
TRITEX -475.38738000 188.68359000 -44.80683000 0.0 1.0
       -355.38741000 290.72058000 -107.96100000 1.0 0.0
       -355.38741000 188.68359000 -44.80683000 1.0 1.0
       
TRITEX -475.38738000 188.68359000 -44.80683000 0.0 1.0
       -475.38741000 290.72058000 -107.96100000 0.0 0.0
       -355.38741000 290.72058000 -107.96100000 1.0 0.0
       
TRITEX -341.88705000 193.04067000 69.91344000 1.0 1.0
       -492.41946000 193.04067000 28.10862000 0.0 0.0
       -341.88705000 193.04067000 28.10865000 0.0 1.0
       
TRITEX -341.88705000 193.04067000 69.91344000 1.0 1.0
       -492.41946000 193.04067000 69.91341000 1.0 0.0
       -492.41946000 193.04067000 28.10862000 0.0 0.0
       
TRITEX -355.38735000 208.45503000 258.56334000 0.0 1.0
       -475.38735000 177.50961000 142.62204000 1.0 0.0
       -475.38735000 208.45503000 258.56334000 0.0 0.0
       
TRITEX -355.38735000 208.45503000 258.56334000 0.0 1.0
       -355.38738000 177.50961000 142.62207000 1.0 1.0
       -475.38735000 177.50961000 142.62204000 1.0 0.0
       
TRITEX -355.38735000 92.51373000 289.50873000 1.0 1.0
       -475.38735000 61.56834000 173.56746000 0.0 0.0
       -355.38738000 61.56834000 173.56749000 0.0 1.0
       
TRITEX -355.38735000 92.51373000 289.50873000 1.0 1.0
       -475.38735000 92.51373000 289.50873000 1.0 0.0
       -475.38735000 61.56834000 173.56746000 0.0 0.0
       
TRITEX -492.41946000 193.04067000 69.91341000 0.0 1.0
       -341.88705000 314.90577000 107.30802000 1.0 0.0
       -492.41946000 314.90577000 107.30799000 0.0 0.0
       
TRITEX -492.41946000 193.04067000 69.91341000 0.0 1.0
       -341.88705000 193.04067000 69.91344000 1.0 1.0
       -341.88705000 314.90577000 107.30802000 1.0 0.0
       
TRITEX -475.38735000 92.51373000 289.50873000 0.0 1.0
       -355.38735000 208.45503000 258.56334000 1.0 0.0
       -475.38735000 208.45503000 258.56334000 0.0 0.0
       
TRITEX -475.38735000 92.51373000 289.50873000 0.0 1.0
       -355.38735000 92.51373000 289.50873000 1.0 1.0
       -355.38735000 208.45503000 258.56334000 1.0 0.0
       
TRITEX 341.83887000 208.45503000 258.39276000 1.0 0.0
       461.83887000 92.51373000 289.33815000 0.0 1.0
       461.83887000 208.45503000 258.39273000 0.0 0.0
       
TRITEX 341.83887000 208.45503000 258.39276000 1.0 0.0
       341.83887000 92.51373000 289.33818000 1.0 1.0
       461.83887000 92.51373000 289.33815000 0.0 1.0
       
TRITEX -355.38741000 92.51370000 -198.71781000 1.0 1.0
       -475.38738000 61.56831000 -82.77654000 0.0 0.0
       -475.38741000 92.51370000 -198.71781000 1.0 0.0
       
TRITEX -355.38741000 92.51370000 -198.71781000 1.0 1.0
       -355.38741000 61.56831000 -82.77651000 0.0 1.0
       -475.38738000 61.56831000 -82.77654000 0.0 0.0
       
TRITEX -355.38741000 208.45500000 -167.77242000 0.0 1.0
       -475.38738000 177.50958000 -51.83115000 1.0 0.0
       -355.38741000 177.50958000 -51.83115000 1.0 1.0
       
TRITEX -355.38741000 208.45500000 -167.77242000 0.0 1.0
       -475.38741000 208.45500000 -167.77242000 0.0 0.0
       -475.38738000 177.50958000 -51.83115000 1.0 0.0
       
TRITEX -355.38741000 92.51370000 -198.71781000 0.0 1.0
       -355.38741000 177.50958000 -51.83115000 1.0 0.0
       -355.38741000 61.56831000 -82.77651000 1.0 1.0
       
TRITEX -355.38741000 92.51370000 -198.71781000 0.0 1.0
       -355.38741000 208.45500000 -167.77242000 0.0 0.0
       -355.38741000 177.50958000 -51.83115000 1.0 0.0
       
TRITEX -475.38735000 61.56834000 173.56746000 0.0 1.0
       -475.38735000 208.45503000 258.56334000 1.0 0.0
       -475.38735000 177.50961000 142.62204000 0.0 0.0
       
TRITEX -475.38735000 61.56834000 173.56746000 0.0 1.0
       -475.38735000 92.51373000 289.50873000 1.0 1.0
       -475.38735000 208.45503000 258.56334000 1.0 0.0
       
TRITEX -475.38738000 61.56831000 -82.77654000 0.0 1.0
       -475.38741000 208.45500000 -167.77242000 1.0 0.0
       -475.38741000 92.51370000 -198.71781000 1.0 1.0
       
TRITEX -475.38738000 61.56831000 -82.77654000 0.0 1.0
       -475.38738000 177.50958000 -51.83115000 0.0 0.0
       -475.38741000 208.45500000 -167.77242000 1.0 0.0
       
TRITEX -475.38741000 92.51370000 -198.71781000 0.0 1.0
       -355.38741000 208.45500000 -167.77242000 1.0 0.0
       -355.38741000 92.51370000 -198.71781000 1.0 1.0
       
TRITEX -475.38741000 92.51370000 -198.71781000 0.0 1.0
       -475.38741000 208.45500000 -167.77242000 0.0 0.0
       -355.38741000 208.45500000 -167.77242000 1.0 0.0
       
TRITEX 461.83887000 208.45503000 258.39273000 1.0 0.0
       461.83887000 61.56834000 173.39688000 0.0 1.0
       461.83887000 177.50961000 142.45149000 0.0 0.0
       
TRITEX 461.83887000 208.45503000 258.39273000 1.0 0.0
       461.83887000 92.51373000 289.33815000 1.0 1.0
       461.83887000 61.56834000 173.39688000 0.0 1.0
       
TRITEX -355.38738000 177.50961000 142.62207000 1.0 0.0
       -355.38735000 92.51373000 289.50873000 0.0 1.0
       -355.38738000 61.56834000 173.56749000 1.0 1.0
       
TRITEX -355.38738000 177.50961000 142.62207000 1.0 0.0
       -355.38735000 208.45503000 258.56334000 0.0 0.0
       -355.38735000 92.51373000 289.50873000 0.0 1.0
       
TRITEX 478.87095000 314.90577000 103.02249000 1.0 0.0
       328.33854000 314.90577000 -16.68768000 0.0 1.0
       328.33851000 314.90577000 103.02249000 1.0 1.0
       
TRITEX 478.87095000 314.90577000 103.02249000 1.0 0.0
       478.87095000 314.90577000 -16.68771000 0.0 0.0
       328.33854000 314.90577000 -16.68768000 0.0 1.0
       
TRITEX 341.83887000 177.50961000 142.45149000 1.0 0.0
       341.83887000 92.51373000 289.33818000 0.0 1.0
       341.83887000 208.45503000 258.39276000 0.0 0.0
       
TRITEX 341.83887000 177.50961000 142.45149000 1.0 0.0
       341.83887000 61.56834000 173.39688000 1.0 1.0
       341.83887000 92.51373000 289.33818000 0.0 1.0
       
TRITEX 461.83887000 177.50961000 142.45149000 1.0 0.0
       341.83887000 208.45503000 258.39276000 0.0 1.0
       461.83887000 208.45503000 258.39273000 0.0 0.0
       
TRITEX 461.83887000 177.50961000 142.45149000 1.0 0.0
       341.83887000 177.50961000 142.45149000 1.0 1.0
       341.83887000 208.45503000 258.39276000 0.0 1.0
       
TRITEX 461.83887000 61.56834000 173.39688000 0.0 0.0
       341.83887000 92.51373000 289.33818000 1.0 1.0
       341.83887000 61.56834000 173.39688000 0.0 1.0
       
TRITEX 461.83887000 61.56834000 173.39688000 0.0 0.0
       461.83887000 92.51373000 289.33815000 1.0 0.0
       341.83887000 92.51373000 289.33818000 1.0 1.0
       
TRITEX 341.83887000 290.72064000 198.58134000 1.0 0.0
       461.83887000 188.68359000 135.42714000 0.0 1.0
       461.83887000 290.72064000 198.58131000 0.0 0.0
       
TRITEX 341.83887000 290.72064000 198.58134000 1.0 0.0
       341.83887000 188.68359000 135.42714000 1.0 1.0
       461.83887000 188.68359000 135.42714000 0.0 1.0
       
TRITEX -9.76911000 193.04067000 -259.94037000 0.0 0.0
       32.03568000 193.04067000 -410.47275000 1.0 1.0
       32.03568000 193.04067000 -259.94037000 1.0 0.0
       
TRITEX -9.76911000 193.04067000 -259.94037000 0.0 0.0
       -9.76911000 193.04067000 -410.47275000 0.0 1.0
       32.03568000 193.04067000 -410.47275000 1.0 1.0
       
TRITEX -50.27991000 314.90577000 -259.94040000 1.0 0.0
       69.43026000 314.90577000 -410.47275000 0.0 1.0
       -50.27991000 314.90577000 -410.47278000 1.0 1.0
       
TRITEX -50.27991000 314.90577000 -259.94040000 1.0 0.0
       69.43026000 314.90577000 -259.94037000 0.0 0.0
       69.43026000 314.90577000 -410.47275000 0.0 1.0
       
TRITEX 328.33854000 193.04067000 20.70690000 1.0 1.0
       478.87095000 193.04067000 62.51169000 0.0 0.0
       328.33854000 193.04067000 62.51169000 0.0 1.0
       
TRITEX 328.33854000 193.04067000 20.70690000 1.0 1.0
       478.87095000 193.04067000 20.70690000 1.0 0.0
       478.87095000 193.04067000 62.51169000 0.0 0.0
       
TRITEX 478.87095000 314.90577000 103.02249000 1.0 0.0
       328.33854000 193.04067000 62.51169000 0.0 1.0
       478.87095000 193.04067000 62.51169000 1.0 1.0
       
TRITEX 478.87095000 314.90577000 103.02249000 1.0 0.0
       328.33851000 314.90577000 103.02249000 0.0 0.0
       328.33854000 193.04067000 62.51169000 0.0 1.0
       
TRITEX -50.27991000 314.90577000 -259.94040000 1.0 0.0
       -9.76911000 193.04067000 -410.47275000 0.0 1.0
       -9.76911000 193.04067000 -259.94037000 1.0 1.0
       
TRITEX -50.27991000 314.90577000 -259.94040000 1.0 0.0
       -50.27991000 314.90577000 -410.47278000 0.0 0.0
       -9.76911000 193.04067000 -410.47275000 0.0 1.0
       
TRITEX 328.33854000 314.90577000 -16.68768000 1.0 0.0
       478.87095000 193.04067000 20.70690000 0.0 1.0
       328.33854000 193.04067000 20.70690000 1.0 1.0
       
TRITEX 328.33854000 314.90577000 -16.68768000 1.0 0.0
       478.87095000 314.90577000 -16.68771000 0.0 0.0
       478.87095000 193.04067000 20.70690000 0.0 1.0
       
TRITEX 69.43026000 314.90577000 -410.47275000 1.0 0.0
       32.03568000 193.04067000 -259.94037000 0.0 1.0
       32.03568000 193.04067000 -410.47275000 1.0 1.0
       
TRITEX 69.43026000 314.90577000 -410.47275000 1.0 0.0
       69.43026000 314.90577000 -259.94037000 0.0 0.0
       32.03568000 193.04067000 -259.94037000 0.0 1.0
       
TRITEX 97.71999000 188.68359000 -396.97242000 1.0 1.0
       -4.31700000 251.83776000 -276.97242000 0.0 0.0
       -4.31700000 251.83776000 -396.97242000 0.0 1.0
       
TRITEX 97.71999000 188.68359000 -396.97242000 1.0 1.0
       97.71999000 188.68359000 -276.97242000 1.0 0.0
       -4.31700000 251.83776000 -276.97242000 0.0 0.0
       
TRITEX 58.83717000 353.87478000 -276.97242000 1.0 0.0
       160.87419000 290.72064000 -396.97242000 0.0 1.0
       58.83717000 353.87478000 -396.97242000 1.0 1.0
       
TRITEX 58.83717000 353.87478000 -276.97242000 1.0 0.0
       160.87419000 290.72064000 -276.97242000 0.0 0.0
       160.87419000 290.72064000 -396.97242000 0.0 1.0
       
TRITEX 58.83717000 353.87478000 -396.97242000 1.0 0.0
       97.71999000 188.68359000 -396.97242000 0.0 1.0
       -4.31700000 251.83776000 -396.97242000 1.0 1.0
       
TRITEX 58.83717000 353.87478000 -396.97242000 1.0 0.0
       160.87419000 290.72064000 -396.97242000 0.0 0.0
       97.71999000 188.68359000 -396.97242000 0.0 1.0
       
TRITEX 58.83717000 353.87478000 -276.97242000 1.0 0.0
       -4.31700000 251.83776000 -396.97242000 0.0 1.0
       -4.31700000 251.83776000 -276.97242000 1.0 1.0
       
TRITEX 58.83717000 353.87478000 -276.97242000 1.0 0.0
       58.83717000 353.87478000 -396.97242000 0.0 0.0
       -4.31700000 251.83776000 -396.97242000 0.0 1.0
       
TRITEX 160.87419000 290.72064000 -276.97242000 1.0 0.0
       -4.31700000 251.83776000 -276.97242000 0.0 1.0
       97.71999000 188.68359000 -276.97242000 1.0 1.0
       
TRITEX 160.87419000 290.72064000 -276.97242000 1.0 0.0
       58.83717000 353.87478000 -276.97242000 0.0 0.0
       -4.31700000 251.83776000 -276.97242000 0.0 1.0
       
TRITEX 160.87419000 290.72064000 -396.97242000 1.0 0.0
       97.71999000 188.68359000 -276.97242000 0.0 1.0
       97.71999000 188.68359000 -396.97242000 1.0 1.0
       
TRITEX 160.87419000 290.72064000 -396.97242000 1.0 0.0
       160.87419000 290.72064000 -276.97242000 0.0 0.0
       97.71999000 188.68359000 -276.97242000 0.0 1.0
       
TRITEX 461.83887000 290.72064000 198.58131000 1.0 0.0
       461.83887000 251.83776000 33.39012000 0.0 1.0
       461.83887000 353.87478000 96.54429000 0.0 0.0
       
TRITEX 461.83887000 290.72064000 198.58131000 1.0 0.0
       461.83887000 188.68359000 135.42714000 1.0 1.0
       461.83887000 251.83776000 33.39012000 0.0 1.0
       
TRITEX 461.83887000 353.87478000 96.54429000 1.0 0.0
       341.83887000 251.83776000 33.39015000 0.0 1.0
       341.83887000 353.87478000 96.54429000 0.0 0.0
       
TRITEX 461.83887000 353.87478000 96.54429000 1.0 0.0
       461.83887000 251.83776000 33.39012000 1.0 1.0
       341.83887000 251.83776000 33.39015000 0.0 1.0
       
TRITEX 341.83887000 353.87478000 96.54429000 1.0 0.0
       341.83887000 188.68359000 135.42714000 0.0 1.0
       341.83887000 290.72064000 198.58134000 0.0 0.0
       
TRITEX 341.83887000 353.87478000 96.54429000 1.0 0.0
       341.83887000 251.83776000 33.39015000 1.0 1.0
       341.83887000 188.68359000 135.42714000 0.0 1.0
       
TRITEX 461.83887000 353.87478000 96.54429000 1.0 0.0
       341.83887000 290.72064000 198.58134000 0.0 1.0
       461.83887000 290.72064000 198.58131000 0.0 0.0
       
TRITEX 461.83887000 353.87478000 96.54429000 1.0 0.0
       341.83887000 353.87478000 96.54429000 1.0 1.0
       341.83887000 290.72064000 198.58134000 0.0 1.0
       
TRITEX 461.83887000 251.83776000 33.39012000 0.0 0.0
       341.83887000 188.68359000 135.42714000 1.0 1.0
       341.83887000 251.83776000 33.39015000 0.0 1.0
       
TRITEX 461.83887000 251.83776000 33.39012000 0.0 0.0
       461.83887000 188.68359000 135.42714000 1.0 0.0
       341.83887000 188.68359000 135.42714000 1.0 1.0
       
TRITEX 461.83887000 92.51373000 -198.88842000 0.0 1.0
       341.83887000 208.45503000 -167.94303000 1.0 0.0
       461.83887000 208.45503000 -167.94303000 0.0 0.0
       
TRITEX 461.83887000 92.51373000 -198.88842000 0.0 1.0
       341.83887000 92.51373000 -198.88842000 1.0 1.0
       341.83887000 208.45503000 -167.94303000 1.0 0.0
       
TRITEX 135.68970000 61.56834000 -276.97242000 0.0 0.0
       251.63100000 92.51373000 -396.97242000 1.0 1.0
       251.63100000 92.51373000 -276.97242000 1.0 0.0
       
TRITEX 135.68970000 61.56834000 -276.97242000 0.0 0.0
       135.68970000 61.56834000 -396.97242000 0.0 1.0
       251.63100000 92.51373000 -396.97242000 1.0 1.0
       
TRITEX 104.74431000 177.50961000 -276.97242000 1.0 0.0
       220.68558000 208.45503000 -396.97242000 0.0 1.0
       104.74431000 177.50961000 -396.97242000 1.0 1.0
       
TRITEX 104.74431000 177.50961000 -276.97242000 1.0 0.0
       220.68558000 208.45503000 -276.97242000 0.0 0.0
       220.68558000 208.45503000 -396.97242000 0.0 1.0
       
TRITEX 104.74431000 177.50961000 -396.97242000 1.0 0.0
       251.63100000 92.51373000 -396.97242000 0.0 1.0
       135.68970000 61.56834000 -396.97242000 1.0 1.0
       
TRITEX 104.74431000 177.50961000 -396.97242000 1.0 0.0
       220.68558000 208.45503000 -396.97242000 0.0 0.0
       251.63100000 92.51373000 -396.97242000 0.0 1.0
       
TRITEX -341.88705000 193.04067000 28.10865000 0.0 1.0
       -492.41946000 314.90571000 -12.40218000 1.0 0.0
       -341.88702000 314.90577000 -12.40215000 0.0 0.0
       
TRITEX -341.88705000 193.04067000 28.10865000 0.0 1.0
       -492.41946000 193.04067000 28.10862000 1.0 1.0
       -492.41946000 314.90571000 -12.40218000 1.0 0.0
       
TRITEX 220.68558000 208.45503000 -276.97242000 1.0 0.0
       135.68970000 61.56834000 -276.97242000 0.0 1.0
       251.63100000 92.51373000 -276.97242000 1.0 1.0
       
TRITEX 220.68558000 208.45503000 -276.97242000 1.0 0.0
       104.74431000 177.50961000 -276.97242000 0.0 0.0
       135.68970000 61.56834000 -276.97242000 0.0 1.0
       
TRITEX 220.68558000 208.45503000 -396.97242000 1.0 0.0
       251.63100000 92.51373000 -276.97242000 0.0 1.0
       251.63100000 92.51373000 -396.97242000 1.0 1.0
       
TRITEX 220.68558000 208.45503000 -396.97242000 1.0 0.0
       220.68558000 208.45503000 -276.97242000 0.0 0.0
       251.63100000 92.51373000 -276.97242000 0.0 1.0
       
TRITEX 461.83887000 61.56834000 -82.94715000 0.0 1.0
       461.83887000 208.45503000 -167.94303000 1.0 0.0
       461.83887000 177.50961000 -52.00176000 0.0 0.0
       
TRITEX 461.83887000 61.56834000 -82.94715000 0.0 1.0
       461.83887000 92.51373000 -198.88842000 1.0 1.0
       461.83887000 208.45503000 -167.94303000 1.0 0.0
       
TRITEX 341.83887000 92.51373000 -198.88842000 0.0 1.0
       341.83887000 177.50961000 -52.00173000 1.0 0.0
       341.83887000 208.45503000 -167.94303000 0.0 0.0
       
TRITEX 341.83887000 92.51373000 -198.88842000 0.0 1.0
       341.83887000 61.56834000 -82.94712000 1.0 1.0
       341.83887000 177.50961000 -52.00173000 1.0 0.0
       
TRITEX 341.83887000 208.45503000 -167.94303000 0.0 1.0
       461.83887000 177.50961000 -52.00176000 1.0 0.0
       461.83887000 208.45503000 -167.94303000 0.0 0.0
       
TRITEX 341.83887000 208.45503000 -167.94303000 0.0 1.0
       341.83887000 177.50961000 -52.00173000 1.0 1.0
       461.83887000 177.50961000 -52.00176000 1.0 0.0
       
TRITEX 341.83887000 92.51373000 -198.88842000 1.0 1.0
       461.83887000 61.56834000 -82.94715000 0.0 0.0
       341.83887000 61.56834000 -82.94712000 0.0 1.0
       
TRITEX 341.83887000 92.51373000 -198.88842000 1.0 1.0
       461.83887000 92.51373000 -198.88842000 1.0 0.0
       461.83887000 61.56834000 -82.94715000 0.0 0.0
       
TRITEX 461.83887000 188.68359000 -44.97744000 0.0 1.0
       341.83887000 290.72064000 -108.13161000 1.0 0.0
       461.83887000 290.72064000 -108.13161000 0.0 0.0
       
TRITEX 461.83887000 188.68359000 -44.97744000 0.0 1.0
       341.83887000 188.68359000 -44.97744000 1.0 1.0
       341.83887000 290.72064000 -108.13161000 1.0 0.0
       
TRITEX -82.68459000 188.68359000 -396.97242000 1.0 1.0
       19.35243000 251.83776000 -276.97242000 0.0 0.0
       -82.68459000 188.68359000 -276.97242000 1.0 0.0
       
TRITEX -82.68459000 188.68359000 -396.97242000 1.0 1.0
       19.35243000 251.83776000 -396.97242000 0.0 1.0
       19.35243000 251.83776000 -276.97242000 0.0 0.0
       
TRITEX -145.83876000 290.72064000 -396.97242000 0.0 1.0
       -43.80174000 353.87478000 -276.97242000 1.0 0.0
       -43.80174000 353.87478000 -396.97242000 1.0 1.0
       
TRITEX -145.83876000 290.72064000 -396.97242000 0.0 1.0
       -145.83876000 290.72064000 -276.97242000 0.0 0.0
       -43.80174000 353.87478000 -276.97242000 1.0 0.0
       
TRITEX -82.68459000 188.68359000 -396.97242000 0.0 1.0
       -43.80174000 353.87478000 -396.97242000 1.0 0.0
       19.35243000 251.83776000 -396.97242000 1.0 1.0
       
TRITEX -82.68459000 188.68359000 -396.97242000 0.0 1.0
       -145.83876000 290.72064000 -396.97242000 0.0 0.0
       -43.80174000 353.87478000 -396.97242000 1.0 0.0
       
TRITEX 19.35243000 251.83776000 -396.97242000 0.0 1.0
       -43.80174000 353.87478000 -276.97242000 1.0 0.0
       19.35243000 251.83776000 -276.97242000 1.0 1.0
       
TRITEX 19.35243000 251.83776000 -396.97242000 0.0 1.0
       -43.80174000 353.87478000 -396.97242000 0.0 0.0
       -43.80174000 353.87478000 -276.97242000 1.0 0.0
       
TRITEX 19.35243000 251.83776000 -276.97242000 0.0 1.0
       -145.83876000 290.72064000 -276.97242000 1.0 0.0
       -82.68459000 188.68359000 -276.97242000 1.0 1.0
       
TRITEX 19.35243000 251.83776000 -276.97242000 0.0 1.0
       -43.80174000 353.87478000 -276.97242000 0.0 0.0
       -145.83876000 290.72064000 -276.97242000 1.0 0.0
       
TRITEX -82.68459000 188.68359000 -276.97242000 0.0 1.0
       -145.83876000 290.72064000 -396.97242000 1.0 0.0
       -82.68459000 188.68359000 -396.97242000 1.0 1.0
       
TRITEX -82.68459000 188.68359000 -276.97242000 0.0 1.0
       -145.83876000 290.72064000 -276.97242000 0.0 0.0
       -145.83876000 290.72064000 -396.97242000 1.0 0.0
       
TRITEX 461.83887000 251.83776000 57.05958000 0.0 1.0
       461.83887000 290.72064000 -108.13161000 1.0 0.0
       461.83887000 353.87478000 -6.09459000 0.0 0.0
       
TRITEX 461.83887000 251.83776000 57.05958000 0.0 1.0
       461.83887000 188.68359000 -44.97744000 1.0 1.0
       461.83887000 290.72064000 -108.13161000 1.0 0.0
       
TRITEX 341.83887000 251.83776000 57.05958000 0.0 1.0
       461.83887000 353.87478000 -6.09459000 1.0 0.0
       341.83887000 353.87478000 -6.09459000 0.0 0.0
       
TRITEX 341.83887000 251.83776000 57.05958000 0.0 1.0
       461.83887000 251.83776000 57.05958000 1.0 1.0
       461.83887000 353.87478000 -6.09459000 1.0 0.0
       
TRITEX 341.83887000 188.68359000 -44.97744000 0.0 1.0
       341.83887000 353.87478000 -6.09459000 1.0 0.0
       341.83887000 290.72064000 -108.13161000 0.0 0.0
       
TRITEX 341.83887000 188.68359000 -44.97744000 0.0 1.0
       341.83887000 251.83776000 57.05958000 1.0 1.0
       341.83887000 353.87478000 -6.09459000 1.0 0.0
       
TRITEX 341.83887000 290.72064000 -108.13161000 0.0 1.0
       461.83887000 353.87478000 -6.09459000 1.0 0.0
       461.83887000 290.72064000 -108.13161000 0.0 0.0
       
TRITEX 341.83887000 290.72064000 -108.13161000 0.0 1.0
       341.83887000 353.87478000 -6.09459000 1.0 1.0
       461.83887000 353.87478000 -6.09459000 1.0 0.0
       
TRITEX 341.83887000 188.68359000 -44.97744000 1.0 1.0
       461.83887000 251.83776000 57.05958000 0.0 0.0
       341.83887000 251.83776000 57.05958000 0.0 1.0
       
TRITEX 341.83887000 188.68359000 -44.97744000 1.0 1.0
       461.83887000 188.68359000 -44.97744000 1.0 0.0
       461.83887000 251.83776000 57.05958000 0.0 0.0
       
TRITEX -236.59557000 92.51373000 -396.97242000 1.0 1.0
       -120.65430000 61.56834000 -276.97242000 0.0 0.0
       -236.59557000 92.51373000 -276.97242000 1.0 0.0
       
TRITEX -236.59557000 92.51373000 -396.97242000 1.0 1.0
       -120.65430000 61.56834000 -396.97242000 0.0 1.0
       -120.65430000 61.56834000 -276.97242000 0.0 0.0
       
TRITEX -205.65018000 208.45503000 -396.97242000 0.0 1.0
       -89.70891000 177.50961000 -276.97242000 1.0 0.0
       -89.70891000 177.50961000 -396.97242000 1.0 1.0
       
TRITEX -205.65018000 208.45503000 -396.97242000 0.0 1.0
       -205.65018000 208.45503000 -276.97242000 0.0 0.0
       -89.70891000 177.50961000 -276.97242000 1.0 0.0
       
TRITEX -236.59557000 92.51373000 -396.97242000 0.0 1.0
       -89.70891000 177.50961000 -396.97242000 1.0 0.0
       -120.65430000 61.56834000 -396.97242000 1.0 1.0
       
TRITEX -236.59557000 92.51373000 -396.97242000 0.0 1.0
       -205.65018000 208.45503000 -396.97242000 0.0 0.0
       -89.70891000 177.50961000 -396.97242000 1.0 0.0
       
TRITEX -120.65430000 61.56834000 -276.97242000 0.0 1.0
       -205.65018000 208.45503000 -276.97242000 1.0 0.0
       -236.59557000 92.51373000 -276.97242000 1.0 1.0
       
TRITEX -120.65430000 61.56834000 -276.97242000 0.0 1.0
       -89.70891000 177.50961000 -276.97242000 0.0 0.0
       -205.65018000 208.45503000 -276.97242000 1.0 0.0
       
TRITEX -236.59557000 92.51373000 -276.97242000 0.0 1.0
       -205.65018000 208.45503000 -396.97242000 1.0 0.0
       -236.59557000 92.51373000 -396.97242000 1.0 1.0
       
TRITEX -236.59557000 92.51373000 -276.97242000 0.0 1.0
       -205.65018000 208.45503000 -276.97242000 0.0 0.0
       -205.65018000 208.45503000 -396.97242000 1.0 0.0
       

TEXTURE corridor05
TRITEX -341.88705000 193.04067000 69.91344000 0.330488 0.93927
       -341.88702000 314.90577000 -12.40215000 0.973533 0.10188200000000003
       -341.88705000 314.90577000 107.30802000 0.056396 0.12245899999999998
       
TRITEX -341.88705000 193.04067000 69.91344000 0.330488 0.93927
       -341.88705000 193.04067000 28.10865000 0.69094 0.957975
       -341.88702000 314.90577000 -12.40215000 0.973533 0.10188200000000003
       
TRITEX -9.76911000 193.04067000 -259.94037000 0.690941 0.957976
       69.43026000 314.90577000 -259.94037000 0.056396 0.12245899999999998
       -50.27991000 314.90577000 -259.94040000 0.973533 0.10188299999999995
       
TRITEX -9.76911000 193.04067000 -259.94037000 0.690941 0.957976
       32.03568000 193.04067000 -259.94037000 0.330488 0.93927
       69.43026000 314.90577000 -259.94037000 0.056396 0.12245899999999998
       
TRITEX 478.87095000 193.04067000 62.51169000 0.690941 0.957976
       478.87095000 314.90577000 -16.68771000 0.056396 0.12245899999999998
       478.87095000 314.90577000 103.02249000 0.973533 0.10188299999999995
       
TRITEX 478.87095000 193.04067000 62.51169000 0.690941 0.957976
       478.87095000 193.04067000 20.70690000 0.330488 0.93927
       478.87095000 314.90577000 -16.68771000 0.056396 0.12245899999999998
       
TRITEX 32.03568000 193.04067000 -410.47275000 0.330488 0.93927
       -50.27991000 314.90577000 -410.47278000 0.973533 0.10188200000000003
       69.43026000 314.90577000 -410.47275000 0.056396 0.12245899999999998
       
TRITEX 32.03568000 193.04067000 -410.47275000 0.330488 0.93927
       -9.76911000 193.04067000 -410.47275000 0.69094 0.957975
       -50.27991000 314.90577000 -410.47278000 0.973533 0.10188200000000003
       
TRITEX 328.33854000 193.04067000 20.70690000 0.330488 0.93927
       328.33851000 314.90577000 103.02249000 0.973533 0.10188200000000003
       328.33854000 314.90577000 -16.68768000 0.056396 0.12245899999999998
       
TRITEX 328.33854000 193.04067000 20.70690000 0.330488 0.93927
       328.33854000 193.04067000 62.51169000 0.69094 0.957975
       328.33851000 314.90577000 103.02249000 0.973533 0.10188200000000003
       
TRITEX -492.41946000 193.04067000 28.10862000 0.690941 0.957976
       -492.41946000 314.90577000 107.30799000 0.056396 0.12245899999999998
       -492.41946000 314.90571000 -12.40218000 0.973533 0.10188299999999995
       
TRITEX -492.41946000 193.04067000 28.10862000 0.690941 0.957976
       -492.41946000 193.04067000 69.91341000 0.330488 0.93927
       -492.41946000 314.90577000 107.30799000 0.056396 0.12245899999999998
       

TEXTURE entrance_uni1
TRITEX -226.07613000 113.13615000 -388.28619000 1.0 0.0
       -226.07613000 -6.86385000 -286.72509000 0.0 1.0
       -226.07613000 113.13615000 -286.72509000 0.0 0.0
       
TRITEX -226.07613000 113.13615000 -388.28619000 1.0 0.0
       -226.07613000 -6.86385000 -388.28619000 1.0 1.0
       -226.07613000 -6.86385000 -286.72509000 0.0 1.0
       
TRITEX -226.07613000 113.13615000 -286.72509000 1.0 0.0
       -129.13575000 -6.86385000 -286.72509000 0.0 1.0
       -129.13575000 113.13615000 -286.72509000 0.0 0.0
       
TRITEX -226.07613000 113.13615000 -286.72509000 1.0 0.0
       -226.07613000 -6.86385000 -286.72509000 1.0 1.0
       -129.13575000 -6.86385000 -286.72509000 0.0 1.0
       
TRITEX -129.13575000 113.13615000 -286.72509000 1.0 0.0
       -129.13575000 -6.86385000 -388.28619000 0.0 1.0
       -129.13575000 113.13615000 -388.28619000 0.0 0.0
       
TRITEX -129.13575000 113.13615000 -286.72509000 1.0 0.0
       -129.13575000 -6.86385000 -286.72509000 1.0 1.0
       -129.13575000 -6.86385000 -388.28619000 0.0 1.0
       
TRITEX -129.13575000 113.13615000 -388.28619000 1.0 0.0
       -226.07613000 -6.86385000 -388.28619000 0.0 1.0
       -226.07613000 113.13615000 -388.28619000 0.0 0.0
       
TRITEX -129.13575000 113.13615000 -388.28619000 1.0 0.0
       -129.13575000 -6.86385000 -388.28619000 1.0 1.0
       -226.07613000 -6.86385000 -388.28619000 0.0 1.0
       
TRITEX -129.13575000 113.13615000 -286.72509000 1.0 0.0
       -226.07613000 113.13615000 -388.28619000 0.0 1.0
       -226.07613000 113.13615000 -286.72509000 0.0 0.0
       
TRITEX -129.13575000 113.13615000 -286.72509000 1.0 0.0
       -129.13575000 113.13615000 -388.28619000 1.0 1.0
       -226.07613000 113.13615000 -388.28619000 0.0 1.0
       
TRITEX -129.13575000 -6.86385000 -286.72509000 0.0 0.0
       -226.07613000 -6.86385000 -388.28619000 1.0 1.0
       -129.13575000 -6.86385000 -388.28619000 0.0 1.0
       
TRITEX -129.13575000 -6.86385000 -286.72509000 0.0 0.0
       -226.07613000 -6.86385000 -286.72509000 1.0 0.0
       -226.07613000 -6.86385000 -388.28619000 1.0 1.0
       
TRITEX -201.66573000 193.20210000 -286.72509000 0.0 1.0
       -128.43468000 287.82957000 -388.28619000 1.0 0.0
       -201.66573000 193.20210000 -388.28619000 1.0 1.0
       
TRITEX -201.66573000 193.20210000 -286.72509000 0.0 1.0
       -128.43468000 287.82957000 -286.72509000 0.0 0.0
       -128.43468000 287.82957000 -388.28619000 1.0 0.0
       
TRITEX -128.43468000 287.82957000 -286.72509000 1.0 0.0
       -120.88833000 146.31669000 -286.72509000 0.0 1.0
       -59.77437000 250.43499000 -286.72509000 0.0 0.0
       
TRITEX -128.43468000 287.82957000 -286.72509000 1.0 0.0
       -201.66573000 193.20210000 -286.72509000 1.0 1.0
       -120.88833000 146.31669000 -286.72509000 0.0 1.0
       
TRITEX -59.77437000 250.43499000 -286.72509000 1.0 0.0
       -120.88833000 146.31669000 -388.28619000 0.0 1.0
       -59.77437000 250.43499000 -388.28619000 0.0 0.0
       
TRITEX -59.77437000 250.43499000 -286.72509000 1.0 0.0
       -120.88833000 146.31669000 -286.72509000 1.0 1.0
       -120.88833000 146.31669000 -388.28619000 0.0 1.0
       
TRITEX -59.77437000 250.43499000 -388.28619000 1.0 0.0
       -201.66573000 193.20210000 -388.28619000 0.0 1.0
       -128.43468000 287.82957000 -388.28619000 0.0 0.0
       
TRITEX -59.77437000 250.43499000 -388.28619000 1.0 0.0
       -120.88833000 146.31669000 -388.28619000 1.0 1.0
       -201.66573000 193.20210000 -388.28619000 0.0 1.0
       
TRITEX -59.77437000 250.43499000 -286.72509000 1.0 0.0
       -128.43468000 287.82957000 -388.28619000 0.0 1.0
       -128.43468000 287.82957000 -286.72509000 0.0 0.0
       
TRITEX -59.77437000 250.43499000 -286.72509000 1.0 0.0
       -59.77437000 250.43499000 -388.28619000 1.0 1.0
       -128.43468000 287.82957000 -388.28619000 0.0 1.0
       
TRITEX -120.88833000 146.31669000 -286.72509000 0.0 0.0
       -201.66573000 193.20210000 -388.28619000 1.0 1.0
       -120.88833000 146.31669000 -388.28619000 0.0 1.0
       
TRITEX -120.88833000 146.31669000 -286.72509000 0.0 0.0
       -201.66573000 193.20210000 -286.72509000 1.0 0.0
       -201.66573000 193.20210000 -388.28619000 1.0 1.0
       
TRITEX 241.11153000 -6.86385000 -286.72509000 0.0 1.0
       241.11153000 113.13615000 -388.28619000 1.0 0.0
       241.11153000 113.13615000 -286.72509000 0.0 0.0
       
TRITEX 241.11153000 -6.86385000 -286.72509000 0.0 1.0
       241.11153000 -6.86385000 -388.28619000 1.0 1.0
       241.11153000 113.13615000 -388.28619000 1.0 0.0
       
TRITEX 452.08623000 146.31669000 -83.18118000 0.0 0.0
       350.52513000 193.20210000 -163.95858000 1.0 1.0
       452.08623000 193.20210000 -163.95858000 1.0 0.0
       
TRITEX 452.08623000 146.31669000 -83.18118000 0.0 0.0
       350.52513000 146.31669000 -83.18118000 0.0 1.0
       350.52513000 193.20210000 -163.95858000 1.0 1.0
       
TRITEX 452.08623000 250.43499000 -22.06722000 1.0 0.0
       350.52513000 287.82957000 -90.72753000 0.0 1.0
       350.52513000 250.43499000 -22.06722000 1.0 1.0
       
TRITEX 452.08623000 250.43499000 -22.06722000 1.0 0.0
       452.08623000 287.82957000 -90.72753000 0.0 0.0
       350.52513000 287.82957000 -90.72753000 0.0 1.0
       
TRITEX 350.52513000 250.43499000 -22.06722000 1.0 0.0
       350.52513000 193.20210000 -163.95858000 0.0 1.0
       350.52513000 146.31669000 -83.18118000 1.0 1.0
       
TRITEX 350.52513000 250.43499000 -22.06722000 1.0 0.0
       350.52513000 287.82957000 -90.72753000 0.0 0.0
       350.52513000 193.20210000 -163.95858000 0.0 1.0
       
TRITEX 452.08623000 250.43499000 -22.06722000 1.0 0.0
       350.52513000 146.31669000 -83.18118000 0.0 1.0
       452.08623000 146.31669000 -83.18118000 1.0 1.0
       
TRITEX 452.08623000 250.43499000 -22.06722000 1.0 0.0
       350.52513000 250.43499000 -22.06722000 0.0 0.0
       350.52513000 146.31669000 -83.18118000 0.0 1.0
       
TRITEX 452.08623000 287.82957000 -90.72753000 1.0 0.0
       452.08623000 146.31669000 -83.18118000 0.0 1.0
       452.08623000 193.20210000 -163.95858000 1.0 1.0
       
TRITEX 452.08623000 287.82957000 -90.72753000 1.0 0.0
       452.08623000 250.43499000 -22.06722000 0.0 0.0
       452.08623000 146.31669000 -83.18118000 0.0 1.0
       
TRITEX 350.52513000 287.82957000 -90.72753000 1.0 0.0
       452.08623000 193.20210000 -163.95858000 0.0 1.0
       350.52513000 193.20210000 -163.95858000 1.0 1.0
       
TRITEX 350.52513000 287.82957000 -90.72753000 1.0 0.0
       452.08623000 287.82957000 -90.72753000 0.0 0.0
       452.08623000 193.20210000 -163.95858000 0.0 1.0
       
TRITEX 144.17118000 -6.86385000 -286.72509000 0.0 1.0
       241.11153000 113.13615000 -286.72509000 1.0 0.0
       144.17118000 113.13615000 -286.72509000 0.0 0.0
       
TRITEX 144.17118000 -6.86385000 -286.72509000 0.0 1.0
       241.11153000 -6.86385000 -286.72509000 1.0 1.0
       241.11153000 113.13615000 -286.72509000 1.0 0.0
       
TRITEX 144.17118000 -6.86385000 -388.28619000 0.0 1.0
       144.17118000 113.13615000 -286.72509000 1.0 0.0
       144.17118000 113.13615000 -388.28619000 0.0 0.0
       
TRITEX 144.17118000 -6.86385000 -388.28619000 0.0 1.0
       144.17118000 -6.86385000 -286.72509000 1.0 1.0
       144.17118000 113.13615000 -286.72509000 1.0 0.0
       
TRITEX 241.11153000 -6.86385000 -388.28619000 0.0 1.0
       144.17118000 113.13615000 -388.28619000 1.0 0.0
       241.11153000 113.13615000 -388.28619000 0.0 0.0
       
TRITEX 241.11153000 -6.86385000 -388.28619000 0.0 1.0
       144.17118000 -6.86385000 -388.28619000 1.0 1.0
       144.17118000 113.13615000 -388.28619000 1.0 0.0
       
TRITEX 241.11153000 113.13615000 -388.28619000 0.0 1.0
       144.17118000 113.13615000 -286.72509000 1.0 0.0
       241.11153000 113.13615000 -286.72509000 0.0 0.0
       
TRITEX 241.11153000 113.13615000 -388.28619000 0.0 1.0
       144.17118000 113.13615000 -388.28619000 1.0 1.0
       144.17118000 113.13615000 -286.72509000 1.0 0.0
       
TRITEX 241.11153000 -6.86385000 -388.28619000 1.0 1.0
       144.17118000 -6.86385000 -286.72509000 0.0 0.0
       144.17118000 -6.86385000 -388.28619000 0.0 1.0
       
TRITEX 241.11153000 -6.86385000 -388.28619000 1.0 1.0
       241.11153000 -6.86385000 -286.72509000 1.0 0.0
       144.17118000 -6.86385000 -286.72509000 0.0 0.0
       
TRITEX 216.70116000 193.20210000 -286.72509000 0.0 1.0
       143.47008000 287.82957000 -388.28619000 1.0 0.0
       143.47008000 287.82957000 -286.72509000 0.0 0.0
       
TRITEX 216.70116000 193.20210000 -286.72509000 0.0 1.0
       216.70116000 193.20210000 -388.28619000 1.0 1.0
       143.47008000 287.82957000 -388.28619000 1.0 0.0
       
TRITEX 452.08623000 -6.86385000 -91.42860000 0.0 0.0
       350.52513000 -6.86385000 -188.36895000 1.0 1.0
       452.08623000 -6.86385000 -188.36895000 1.0 0.0
       
TRITEX 452.08623000 -6.86385000 -91.42860000 0.0 0.0
       350.52513000 -6.86385000 -91.42860000 0.0 1.0
       350.52513000 -6.86385000 -188.36895000 1.0 1.0
       
TRITEX 452.08623000 113.13615000 -91.42860000 1.0 0.0
       350.52513000 113.13615000 -188.36895000 0.0 1.0
       350.52513000 113.13615000 -91.42860000 1.0 1.0
       
TRITEX 452.08623000 113.13615000 -91.42860000 1.0 0.0
       452.08623000 113.13615000 -188.36895000 0.0 0.0
       350.52513000 113.13615000 -188.36895000 0.0 1.0
       
TRITEX 350.52513000 113.13615000 -91.42860000 1.0 0.0
       350.52513000 -6.86385000 -188.36895000 0.0 1.0
       350.52513000 -6.86385000 -91.42860000 1.0 1.0
       
TRITEX 350.52513000 113.13615000 -91.42860000 1.0 0.0
       350.52513000 113.13615000 -188.36895000 0.0 0.0
       350.52513000 -6.86385000 -188.36895000 0.0 1.0
       
TRITEX 452.08623000 113.13615000 -91.42860000 1.0 0.0
       350.52513000 -6.86385000 -91.42860000 0.0 1.0
       452.08623000 -6.86385000 -91.42860000 1.0 1.0
       
TRITEX 452.08623000 113.13615000 -91.42860000 1.0 0.0
       350.52513000 113.13615000 -91.42860000 0.0 0.0
       350.52513000 -6.86385000 -91.42860000 0.0 1.0
       
TRITEX 452.08623000 113.13615000 -188.36895000 1.0 0.0
       452.08623000 -6.86385000 -91.42860000 0.0 1.0
       452.08623000 -6.86385000 -188.36895000 1.0 1.0
       
TRITEX 452.08623000 113.13615000 -188.36895000 1.0 0.0
       452.08623000 113.13615000 -91.42860000 0.0 0.0
       452.08623000 -6.86385000 -91.42860000 0.0 1.0
       
TRITEX 350.52513000 113.13615000 -188.36895000 1.0 0.0
       452.08623000 -6.86385000 -188.36895000 0.0 1.0
       350.52513000 -6.86385000 -188.36895000 1.0 1.0
       
TRITEX 350.52513000 113.13615000 -188.36895000 1.0 0.0
       452.08623000 113.13615000 -188.36895000 0.0 0.0
       452.08623000 -6.86385000 -188.36895000 0.0 1.0
       
TRITEX 135.92373000 146.31669000 -286.72509000 0.0 1.0
       143.47008000 287.82957000 -286.72509000 1.0 0.0
       74.80977000 250.43499000 -286.72509000 0.0 0.0
       
TRITEX 135.92373000 146.31669000 -286.72509000 0.0 1.0
       216.70116000 193.20210000 -286.72509000 1.0 1.0
       143.47008000 287.82957000 -286.72509000 1.0 0.0
       
TRITEX 135.92373000 146.31669000 -388.28619000 0.0 1.0
       74.80977000 250.43499000 -286.72509000 1.0 0.0
       74.80977000 250.43499000 -388.28619000 0.0 0.0
       
TRITEX 135.92373000 146.31669000 -388.28619000 0.0 1.0
       135.92373000 146.31669000 -286.72509000 1.0 1.0
       74.80977000 250.43499000 -286.72509000 1.0 0.0
       
TRITEX 216.70116000 193.20210000 -388.28619000 0.0 1.0
       74.80977000 250.43499000 -388.28619000 1.0 0.0
       143.47008000 287.82957000 -388.28619000 0.0 0.0
       
TRITEX 216.70116000 193.20210000 -388.28619000 0.0 1.0
       135.92373000 146.31669000 -388.28619000 1.0 1.0
       74.80977000 250.43499000 -388.28619000 1.0 0.0
       
TRITEX 143.47008000 287.82957000 -388.28619000 0.0 1.0
       74.80977000 250.43499000 -286.72509000 1.0 0.0
       143.47008000 287.82957000 -286.72509000 0.0 0.0
       
TRITEX 143.47008000 287.82957000 -388.28619000 0.0 1.0
       74.80977000 250.43499000 -388.28619000 1.0 1.0
       74.80977000 250.43499000 -286.72509000 1.0 0.0
       
TRITEX 216.70116000 193.20210000 -388.28619000 1.0 1.0
       135.92373000 146.31669000 -286.72509000 0.0 0.0
       135.92373000 146.31669000 -388.28619000 0.0 1.0
       
TRITEX 216.70116000 193.20210000 -388.28619000 1.0 1.0
       216.70116000 193.20210000 -286.72509000 1.0 0.0
       135.92373000 146.31669000 -286.72509000 0.0 0.0
       
TRITEX -364.07364000 113.13612000 -188.19834000 1.0 0.0
       -465.63474000 -6.86388000 -188.19834000 0.0 1.0
       -465.63474000 113.13612000 -188.19834000 0.0 0.0
       
TRITEX -364.07364000 113.13612000 -188.19834000 1.0 0.0
       -364.07364000 -6.86388000 -188.19834000 1.0 1.0
       -465.63474000 -6.86388000 -188.19834000 0.0 1.0
       
TRITEX 350.52513000 193.20210000 254.40828000 1.0 1.0
       452.08623000 146.31669000 173.63088000 0.0 0.0
       452.08623000 193.20210000 254.40828000 1.0 0.0
       
TRITEX 350.52513000 193.20210000 254.40828000 1.0 1.0
       350.52513000 146.31669000 173.63088000 0.0 1.0
       452.08623000 146.31669000 173.63088000 0.0 0.0
       
TRITEX 350.52513000 287.82957000 181.17723000 0.0 1.0
       452.08623000 250.43499000 112.51692000 1.0 0.0
       350.52513000 250.43499000 112.51695000 1.0 1.0
       
TRITEX 350.52513000 287.82957000 181.17723000 0.0 1.0
       452.08623000 287.82957000 181.17723000 0.0 0.0
       452.08623000 250.43499000 112.51692000 1.0 0.0
       
TRITEX 350.52513000 193.20210000 254.40828000 0.0 1.0
       350.52513000 250.43499000 112.51695000 1.0 0.0
       350.52513000 146.31669000 173.63088000 1.0 1.0
       
TRITEX 350.52513000 193.20210000 254.40828000 0.0 1.0
       350.52513000 287.82957000 181.17723000 0.0 0.0
       350.52513000 250.43499000 112.51695000 1.0 0.0
       
TRITEX 350.52513000 146.31669000 173.63088000 0.0 1.0
       452.08623000 250.43499000 112.51692000 1.0 0.0
       452.08623000 146.31669000 173.63088000 1.0 1.0
       
TRITEX 350.52513000 146.31669000 173.63088000 0.0 1.0
       350.52513000 250.43499000 112.51695000 0.0 0.0
       452.08623000 250.43499000 112.51692000 1.0 0.0
       
TRITEX 452.08623000 146.31669000 173.63088000 0.0 1.0
       452.08623000 287.82957000 181.17723000 1.0 0.0
       452.08623000 193.20210000 254.40828000 1.0 1.0
       
TRITEX 452.08623000 146.31669000 173.63088000 0.0 1.0
       452.08623000 250.43499000 112.51692000 0.0 0.0
       452.08623000 287.82957000 181.17723000 1.0 0.0
       
TRITEX 452.08623000 193.20210000 254.40828000 0.0 1.0
       350.52513000 287.82957000 181.17723000 1.0 0.0
       350.52513000 193.20210000 254.40828000 1.0 1.0
       
TRITEX 452.08623000 193.20210000 254.40828000 0.0 1.0
       452.08623000 287.82957000 181.17723000 0.0 0.0
       350.52513000 287.82957000 181.17723000 1.0 0.0
       
TRITEX -465.63474000 113.13612000 -188.19834000 1.0 0.0
       -465.63474000 -6.86388000 -91.25799000 0.0 1.0
       -465.63474000 113.13612000 -91.25799000 0.0 0.0
       
TRITEX -465.63474000 113.13612000 -188.19834000 1.0 0.0
       -465.63474000 -6.86388000 -188.19834000 1.0 1.0
       -465.63474000 -6.86388000 -91.25799000 0.0 1.0
       
TRITEX -465.63474000 113.13612000 -91.25799000 1.0 0.0
       -364.07364000 -6.86388000 -91.25796000 0.0 1.0
       -364.07364000 113.13612000 -91.25796000 0.0 0.0
       
TRITEX -465.63474000 113.13612000 -91.25799000 1.0 0.0
       -465.63474000 -6.86388000 -91.25799000 1.0 1.0
       -364.07364000 -6.86388000 -91.25796000 0.0 1.0
       
TRITEX -364.07364000 113.13612000 -91.25796000 1.0 0.0
       -364.07364000 -6.86388000 -188.19834000 0.0 1.0
       -364.07364000 113.13612000 -188.19834000 0.0 0.0
       
TRITEX -364.07364000 113.13612000 -91.25796000 1.0 0.0
       -364.07364000 -6.86388000 -91.25796000 1.0 1.0
       -364.07364000 -6.86388000 -188.19834000 0.0 1.0
       
TRITEX -465.63474000 113.13612000 -91.25799000 1.0 0.0
       -364.07364000 113.13612000 -188.19834000 0.0 1.0
       -465.63474000 113.13612000 -188.19834000 0.0 0.0
       
TRITEX -465.63474000 113.13612000 -91.25799000 1.0 0.0
       -364.07364000 113.13612000 -91.25796000 1.0 1.0
       -364.07364000 113.13612000 -188.19834000 0.0 1.0
       
TRITEX -465.63474000 -6.86388000 -91.25799000 0.0 0.0
       -364.07364000 -6.86388000 -188.19834000 1.0 1.0
       -364.07364000 -6.86388000 -91.25796000 0.0 1.0
       
TRITEX -465.63474000 -6.86388000 -91.25799000 0.0 0.0
       -465.63474000 -6.86388000 -188.19834000 1.0 0.0
       -364.07364000 -6.86388000 -188.19834000 1.0 1.0
       
TRITEX -364.07364000 287.82957000 -90.55689000 1.0 0.0
       -465.63474000 193.20210000 -163.78797000 0.0 1.0
       -465.63474000 287.82957000 -90.55692000 0.0 0.0
       
TRITEX -364.07364000 287.82957000 -90.55689000 1.0 0.0
       -364.07364000 193.20210000 -163.78797000 1.0 1.0
       -465.63474000 193.20210000 -163.78797000 0.0 1.0
       
TRITEX 350.52513000 -6.86385000 278.81871000 1.0 1.0
       452.08623000 -6.86385000 181.87830000 0.0 0.0
       452.08623000 -6.86385000 278.81868000 1.0 0.0
       
TRITEX 350.52513000 -6.86385000 278.81871000 1.0 1.0
       350.52513000 -6.86385000 181.87833000 0.0 1.0
       452.08623000 -6.86385000 181.87830000 0.0 0.0
       
TRITEX 350.52513000 113.13615000 278.81871000 0.0 1.0
       452.08623000 113.13615000 181.87830000 1.0 0.0
       350.52513000 113.13615000 181.87833000 1.0 1.0
       
TRITEX 350.52513000 113.13615000 278.81871000 0.0 1.0
       452.08623000 113.13615000 278.81868000 0.0 0.0
       452.08623000 113.13615000 181.87830000 1.0 0.0
       
TRITEX 350.52513000 -6.86385000 278.81871000 0.0 1.0
       350.52513000 113.13615000 181.87833000 1.0 0.0
       350.52513000 -6.86385000 181.87833000 1.0 1.0
       
TRITEX 350.52513000 -6.86385000 278.81871000 0.0 1.0
       350.52513000 113.13615000 278.81871000 0.0 0.0
       350.52513000 113.13615000 181.87833000 1.0 0.0
       
TRITEX 350.52513000 -6.86385000 181.87833000 0.0 1.0
       452.08623000 113.13615000 181.87830000 1.0 0.0
       452.08623000 -6.86385000 181.87830000 1.0 1.0
       
TRITEX 350.52513000 -6.86385000 181.87833000 0.0 1.0
       350.52513000 113.13615000 181.87833000 0.0 0.0
       452.08623000 113.13615000 181.87830000 1.0 0.0
       
TRITEX 452.08623000 -6.86385000 181.87830000 0.0 1.0
       452.08623000 113.13615000 278.81868000 1.0 0.0
       452.08623000 -6.86385000 278.81868000 1.0 1.0
       
TRITEX 452.08623000 -6.86385000 181.87830000 0.0 1.0
       452.08623000 113.13615000 181.87830000 0.0 0.0
       452.08623000 113.13615000 278.81868000 1.0 0.0
       
TRITEX 452.08623000 -6.86385000 278.81868000 0.0 1.0
       350.52513000 113.13615000 278.81871000 1.0 0.0
       350.52513000 -6.86385000 278.81871000 1.0 1.0
       
TRITEX 452.08623000 -6.86385000 278.81868000 0.0 1.0
       452.08623000 113.13615000 278.81868000 0.0 0.0
       350.52513000 113.13615000 278.81871000 1.0 0.0
       
TRITEX -465.63474000 287.82957000 -90.55692000 1.0 0.0
       -465.63471000 146.31669000 -83.01054000 0.0 1.0
       -465.63471000 250.43496000 -21.89661000 0.0 0.0
       
TRITEX -465.63474000 287.82957000 -90.55692000 1.0 0.0
       -465.63474000 193.20210000 -163.78797000 1.0 1.0
       -465.63471000 146.31669000 -83.01054000 0.0 1.0
       
TRITEX -465.63471000 250.43496000 -21.89661000 1.0 0.0
       -364.07364000 146.31669000 -83.01054000 0.0 1.0
       -364.07361000 250.43496000 -21.89661000 0.0 0.0
       
TRITEX -465.63471000 250.43496000 -21.89661000 1.0 0.0
       -465.63471000 146.31669000 -83.01054000 1.0 1.0
       -364.07364000 146.31669000 -83.01054000 0.0 1.0
       
TRITEX -364.07361000 250.43496000 -21.89661000 1.0 0.0
       -364.07364000 193.20210000 -163.78797000 0.0 1.0
       -364.07364000 287.82957000 -90.55689000 0.0 0.0
       
TRITEX -364.07361000 250.43496000 -21.89661000 1.0 0.0
       -364.07364000 146.31669000 -83.01054000 1.0 1.0
       -364.07364000 193.20210000 -163.78797000 0.0 1.0
       
TRITEX -465.63471000 250.43496000 -21.89661000 1.0 0.0
       -364.07364000 287.82957000 -90.55689000 0.0 1.0
       -465.63474000 287.82957000 -90.55692000 0.0 0.0
       
TRITEX -465.63471000 250.43496000 -21.89661000 1.0 0.0
       -364.07361000 250.43496000 -21.89661000 1.0 1.0
       -364.07364000 287.82957000 -90.55689000 0.0 1.0
       
TRITEX -465.63471000 146.31669000 -83.01054000 0.0 0.0
       -364.07364000 193.20210000 -163.78797000 1.0 1.0
       -364.07364000 146.31669000 -83.01054000 0.0 1.0
       
TRITEX -465.63471000 146.31669000 -83.01054000 0.0 0.0
       -465.63474000 193.20210000 -163.78797000 1.0 0.0
       -364.07364000 193.20210000 -163.78797000 1.0 1.0
       
TRITEX -465.63468000 -6.86385000 278.98929000 0.0 1.0
       -364.07358000 113.13615000 278.98929000 1.0 0.0
       -465.63468000 113.13615000 278.98929000 0.0 0.0
       
TRITEX -465.63468000 -6.86385000 278.98929000 0.0 1.0
       -364.07358000 -6.86385000 278.98932000 1.0 1.0
       -364.07358000 113.13615000 278.98929000 1.0 0.0
       
TRITEX -465.63468000 -6.86385000 182.04891000 0.0 1.0
       -465.63468000 113.13615000 278.98929000 1.0 0.0
       -465.63468000 113.13615000 182.04891000 0.0 0.0
       
TRITEX -465.63468000 -6.86385000 182.04891000 0.0 1.0
       -465.63468000 -6.86385000 278.98929000 1.0 1.0
       -465.63468000 113.13615000 278.98929000 1.0 0.0
       
TRITEX -364.07361000 -6.86385000 182.04894000 0.0 1.0
       -465.63468000 113.13615000 182.04891000 1.0 0.0
       -364.07361000 113.13615000 182.04894000 0.0 0.0
       
TRITEX -364.07361000 -6.86385000 182.04894000 0.0 1.0
       -465.63468000 -6.86385000 182.04891000 1.0 1.0
       -465.63468000 113.13615000 182.04891000 1.0 0.0
       
TRITEX -364.07358000 -6.86385000 278.98932000 0.0 1.0
       -364.07361000 113.13615000 182.04894000 1.0 0.0
       -364.07358000 113.13615000 278.98929000 0.0 0.0
       
TRITEX -364.07358000 -6.86385000 278.98932000 0.0 1.0
       -364.07361000 -6.86385000 182.04894000 1.0 1.0
       -364.07361000 113.13615000 182.04894000 1.0 0.0
       
TRITEX -364.07358000 113.13615000 278.98929000 0.0 1.0
       -465.63468000 113.13615000 182.04891000 1.0 0.0
       -465.63468000 113.13615000 278.98929000 0.0 0.0
       
TRITEX -364.07358000 113.13615000 278.98929000 0.0 1.0
       -364.07361000 113.13615000 182.04894000 1.0 1.0
       -465.63468000 113.13615000 182.04891000 1.0 0.0
       
TRITEX -364.07358000 -6.86385000 278.98932000 1.0 1.0
       -465.63468000 -6.86385000 182.04891000 0.0 0.0
       -364.07361000 -6.86385000 182.04894000 0.0 1.0
       
TRITEX -364.07358000 -6.86385000 278.98932000 1.0 1.0
       -465.63468000 -6.86385000 278.98929000 1.0 0.0
       -465.63468000 -6.86385000 182.04891000 0.0 0.0
       
TRITEX -465.63468000 193.20213000 254.57889000 0.0 1.0
       -364.07361000 287.82957000 181.34784000 1.0 0.0
       -465.63468000 287.82957000 181.34784000 0.0 0.0
       
TRITEX -465.63468000 193.20213000 254.57889000 0.0 1.0
       -364.07358000 193.20213000 254.57892000 1.0 1.0
       -364.07361000 287.82957000 181.34784000 1.0 0.0
       
TRITEX -465.63468000 146.31669000 173.80149000 0.0 1.0
       -465.63468000 287.82957000 181.34784000 1.0 0.0
       -465.63471000 250.43499000 112.68753000 0.0 0.0
       
TRITEX -465.63468000 146.31669000 173.80149000 0.0 1.0
       -465.63468000 193.20213000 254.57889000 1.0 1.0
       -465.63468000 287.82957000 181.34784000 1.0 0.0
       
TRITEX -364.07361000 146.31669000 173.80152000 0.0 1.0
       -465.63471000 250.43499000 112.68753000 1.0 0.0
       -364.07361000 250.43499000 112.68753000 0.0 0.0
       
TRITEX -364.07361000 146.31669000 173.80152000 0.0 1.0
       -465.63468000 146.31669000 173.80149000 1.0 1.0
       -465.63471000 250.43499000 112.68753000 1.0 0.0
       
TRITEX -364.07358000 193.20213000 254.57892000 0.0 1.0
       -364.07361000 250.43499000 112.68753000 1.0 0.0
       -364.07361000 287.82957000 181.34784000 0.0 0.0
       
TRITEX -364.07358000 193.20213000 254.57892000 0.0 1.0
       -364.07361000 146.31669000 173.80152000 1.0 1.0
       -364.07361000 250.43499000 112.68753000 1.0 0.0
       
TRITEX -364.07361000 287.82957000 181.34784000 0.0 1.0
       -465.63471000 250.43499000 112.68753000 1.0 0.0
       -465.63468000 287.82957000 181.34784000 0.0 0.0
       
TRITEX -364.07361000 287.82957000 181.34784000 0.0 1.0
       -364.07361000 250.43499000 112.68753000 1.0 1.0
       -465.63471000 250.43499000 112.68753000 1.0 0.0
       
TRITEX -364.07358000 193.20213000 254.57892000 1.0 1.0
       -465.63468000 146.31669000 173.80149000 0.0 0.0
       -364.07361000 146.31669000 173.80152000 0.0 1.0
       
TRITEX -364.07358000 193.20213000 254.57892000 1.0 1.0
       -465.63468000 193.20213000 254.57889000 1.0 0.0
       -465.63468000 146.31669000 173.80149000 0.0 0.0
       

TEXTURE corridor07
TRITEX -475.38735000 177.50961000 142.62204000 1.0 0.0
       -355.38738000 61.56834000 173.56749000 0.0 1.0
       -475.38735000 61.56834000 173.56746000 1.0 1.0
       
TRITEX -475.38735000 177.50961000 142.62204000 1.0 0.0
       -355.38738000 177.50961000 142.62207000 0.0 0.0
       -355.38738000 61.56834000 173.56749000 0.0 1.0
       
TRITEX -355.38741000 61.56831000 -82.77651000 0.0 1.0
       -475.38738000 177.50958000 -51.83115000 1.0 0.0
       -475.38738000 61.56831000 -82.77654000 1.0 1.0
       
TRITEX -355.38741000 61.56831000 -82.77651000 0.0 1.0
       -355.38741000 177.50958000 -51.83115000 0.0 0.0
       -475.38738000 177.50958000 -51.83115000 1.0 0.0
       
TRITEX 104.74431000 177.50961000 -276.97242000 1.0 0.0
       135.68970000 61.56834000 -396.97242000 0.0 1.0
       135.68970000 61.56834000 -276.97242000 1.0 1.0
       
TRITEX 104.74431000 177.50961000 -276.97242000 1.0 0.0
       104.74431000 177.50961000 -396.97242000 0.0 0.0
       135.68970000 61.56834000 -396.97242000 0.0 1.0
       
TRITEX -120.65430000 61.56834000 -396.97242000 0.0 1.0
       -89.70891000 177.50961000 -276.97242000 1.0 0.0
       -120.65430000 61.56834000 -276.97242000 1.0 1.0
       
TRITEX -120.65430000 61.56834000 -396.97242000 0.0 1.0
       -89.70891000 177.50961000 -396.97242000 0.0 0.0
       -89.70891000 177.50961000 -276.97242000 1.0 0.0
       
TRITEX 461.83887000 177.50961000 -52.00176000 1.0 0.0
       341.83887000 61.56834000 -82.94712000 0.0 1.0
       461.83887000 61.56834000 -82.94715000 1.0 1.0
       
TRITEX 461.83887000 177.50961000 -52.00176000 1.0 0.0
       341.83887000 177.50961000 -52.00173000 0.0 0.0
       341.83887000 61.56834000 -82.94712000 0.0 1.0
       
TRITEX 341.83887000 61.56834000 173.39688000 0.0 1.0
       461.83887000 177.50961000 142.45149000 1.0 0.0
       461.83887000 61.56834000 173.39688000 1.0 1.0
       
TRITEX 341.83887000 61.56834000 173.39688000 0.0 1.0
       341.83887000 177.50961000 142.45149000 0.0 0.0
       461.83887000 177.50961000 142.45149000 1.0 0.0
       

TEXTURE corridor01
TRITEX -412.15143000 24.21678000 -333.56100000 0.900756 -0.41885799999999995
       398.83653000 24.21678000 -333.56100000 0.902121 1.079361
       -412.15140000 24.21678000 419.67036000 0.096514 -0.4188590000000001
       
TRITEX -412.15140000 24.21678000 419.67036000 0.096514 -0.4188590000000001
       398.83653000 24.21678000 -333.56100000 0.902121 1.079361
       398.83653000 24.21678000 419.67036000 0.097879 1.079361
       
TRITEX 398.83653000 37.34178000 419.67036000 -0.331638 1.079781
       398.83653000 37.34178000 -333.56100000 1.250906 1.081231
       -412.15140000 37.34178000 419.67036000 -0.333003 -0.418439
       
TRITEX -412.15140000 37.34178000 419.67036000 -0.333003 -0.418439
       398.83653000 37.34178000 -333.56100000 1.250906 1.081231
       -412.15143000 37.34178000 -333.56100000 1.251966 -0.4181999999999999
       
TRITEX 398.83653000 24.21678000 419.67036000 0.9995 0.999501
       398.83653000 37.34178000 419.67036000 0.9995 0.0004990000000000272
       -412.15140000 24.21678000 419.67036000 0.0005 0.999501
       
TRITEX -412.15140000 24.21678000 419.67036000 0.0005 0.999501
       398.83653000 37.34178000 419.67036000 0.9995 0.0004990000000000272
       -412.15140000 37.34178000 419.67036000 0.0005 0.0004990000000000272
       
TRITEX -412.15143000 37.34178000 -333.56100000 0.9995 0.0004990000000000272
       398.83653000 37.34178000 -333.56100000 0.0005 0.0004990000000000272
       -412.15143000 24.21678000 -333.56100000 0.9995 0.999501
       
TRITEX -412.15143000 24.21678000 -333.56100000 0.9995 0.999501
       398.83653000 37.34178000 -333.56100000 0.0005 0.0004990000000000272
       398.83653000 24.21678000 -333.56100000 0.0005 0.999501
       
TRITEX -412.15140000 37.34178000 419.67036000 0.9995 0.0004990000000000272
       -412.15143000 37.34178000 -333.56100000 0.0005 0.0004990000000000272
       -412.15140000 24.21678000 419.67036000 0.9995 0.999501
       
TRITEX -412.15140000 24.21678000 419.67036000 0.9995 0.999501
       -412.15143000 37.34178000 -333.56100000 0.0005 0.0004990000000000272
       -412.15143000 24.21678000 -333.56100000 0.0005 0.999501
       
TRITEX 398.83653000 24.21678000 -333.56100000 0.9995 0.999501
       398.83653000 37.34178000 -333.56100000 0.9995 0.0004990000000000272
       398.83653000 24.21678000 419.67036000 0.0005 0.999501
       
TRITEX 398.83653000 24.21678000 419.67036000 0.0005 0.999501
       398.83653000 37.34178000 -333.56100000 0.9995 0.0004990000000000272
       398.83653000 37.34178000 419.67036000 0.0005 0.0004990000000000272
       

OBJECT 186 CORRIDOR02


TEXTURE corridor01
TRITEX -284.31603000 21.84094000 -209.50134000 0.900756 -0.41885799999999995
       294.81942000 363.80590000 -209.50137000 0.902121 1.079361
       -284.31603000 21.84091000 211.43616000 0.096514 -0.4188590000000001
       
TRITEX -284.31603000 21.84091000 211.43616000 0.096514 -0.4188590000000001
       294.81942000 363.80590000 -209.50137000 0.902121 1.079361
       294.81942000 363.80590000 211.43613000 0.097879 1.079361
       
TRITEX 294.81942000 376.93090000 211.43613000 0.097879 1.079361
       294.81942000 376.93090000 -209.50137000 0.902121 1.079361
       -284.31603000 34.96591000 211.43616000 0.096514 -0.4188590000000001
       
TRITEX -284.31603000 34.96591000 211.43616000 0.096514 -0.4188590000000001
       294.81942000 376.93090000 -209.50137000 0.902121 1.079361
       -284.31603000 34.96594000 -209.50134000 0.900756 -0.41885799999999995
       
TRITEX 294.81942000 363.80590000 211.43613000 0.9995 0.999501
       294.81942000 376.93090000 211.43613000 0.9995 0.0004990000000000272
       -284.31603000 21.84091000 211.43616000 0.0005 0.999501
       
TRITEX -284.31603000 21.84091000 211.43616000 0.0005 0.999501
       294.81942000 376.93090000 211.43613000 0.9995 0.0004990000000000272
       -284.31603000 34.96591000 211.43616000 0.0005 0.0004990000000000272
       
TRITEX -284.31603000 34.96594000 -209.50134000 0.9995 0.0004990000000000272
       294.81942000 376.93090000 -209.50137000 0.0005 0.0004990000000000272
       -284.31603000 21.84094000 -209.50134000 0.9995 0.999501
       
TRITEX -284.31603000 21.84094000 -209.50134000 0.9995 0.999501
       294.81942000 376.93090000 -209.50137000 0.0005 0.0004990000000000272
       294.81942000 363.80590000 -209.50137000 0.0005 0.999501
       
TRITEX -284.31603000 34.96591000 211.43616000 0.9995 0.0004990000000000272
       -284.31603000 34.96594000 -209.50134000 0.0005 0.0004990000000000272
       -284.31603000 21.84091000 211.43616000 0.9995 0.999501
       
TRITEX -284.31603000 21.84091000 211.43616000 0.9995 0.999501
       -284.31603000 34.96594000 -209.50134000 0.0005 0.0004990000000000272
       -284.31603000 21.84094000 -209.50134000 0.0005 0.999501
       
TRITEX 294.81942000 363.80590000 -209.50137000 0.9995 0.999501
       294.81942000 376.93090000 -209.50137000 0.9995 0.0004990000000000272
       294.81942000 363.80590000 211.43613000 0.0005 0.999501
       
TRITEX 294.81942000 363.80590000 211.43613000 0.0005 0.999501
       294.81942000 376.93090000 -209.50137000 0.9995 0.0004990000000000272
       294.81942000 376.93090000 211.43613000 0.0005 0.0004990000000000272
       

TEXTURE corridor04
       
       
       
TRITEX 297.63192000 652.55590000 81.12363000 0.9995 0.0004990000000000272
       -288.06603000 310.59091000 81.12366000 0.0005 0.0004999999999999449
       297.63192000 652.55584000 -97.00137000 0.999501 0.9995
       
TRITEX 297.63192000 652.55584000 -97.00137000 0.999501 0.9995
       -288.06603000 310.59091000 81.12366000 0.0005 0.0004999999999999449
       -288.06603000 310.59091000 -97.00134000 0.0005 0.999501

TEXTURE corridor08
TRITEX -286.19100000 264.08620000 140.71236000 2.383091 0.0004999999999999449
       295.75686000 606.05110000 140.71242000 -1.997502 0.011961
       295.75686000 420.05590000 190.31118000 -1.383091 0.999501
       
TRITEX -286.19103000 79.02844000 -297.62631000 2.997502 0.9995
       -286.19103000 79.02844000 -173.99355000 2.997502 0.09456799999999999
       292.94442000 420.99340000 -297.62631000 -1.997502 0.999499
       
TRITEX 292.94442000 420.99340000 -297.62631000 -1.997502 0.999499
       -286.19103000 79.02844000 -173.99355000 2.997502 0.09456799999999999
       292.94442000 420.99340000 -173.99358000 -1.997502 0.09456699999999996
       
TRITEX -286.19100000 79.02844000 178.74081000 2.997502 0.09456799999999999
       292.94436000 420.99340000 302.37369000 -1.997502 0.999499
       292.94442000 420.99340000 178.74084000 -1.997502 0.09456699999999996
       
TRITEX -286.19100000 79.02844000 178.74081000 2.997502 0.09456799999999999
       -286.19100000 79.02847000 302.37363000 2.997502 0.9995
       292.94436000 420.99340000 302.37369000 -1.997502 0.999499
       
TRITEX 295.75692000 554.41027000 -151.08450000 2.997502 0.999501
       -286.19100000 356.52841000 -7.00134000 -1.997502 0.0004990000000000272
       -286.19100000 212.44531000 -151.08450000 -1.997502 0.999499
       
TRITEX 295.75692000 698.49340000 -7.00137000 2.997502 0.0005009999999999737
       -286.19100000 356.52841000 -7.00134000 -1.997502 0.0004990000000000272
       295.75692000 554.41027000 -151.08450000 2.997502 0.999501
       
TRITEX 295.75692000 420.05590000 -185.56386000 -1.383091 0.9995
       -286.19100000 264.08623000 -135.96513000 2.383091 0.0004990000000000272
       -286.19100000 78.09094000 -185.56386000 2.997503 0.988039
       
TRITEX -286.19100000 356.52841000 11.74860000 -1.997502 0.0004990000000000272
       295.75692000 698.49334000 11.74866000 2.997502 0.0005009999999999737
       295.75692000 554.41021000 155.83179000 2.997502 0.999501
       
TRITEX -286.19100000 356.52841000 11.74860000 -1.997502 0.0004990000000000272
       295.75692000 554.41021000 155.83179000 2.997502 0.999501
       -286.19100000 212.44531000 155.83173000 -1.997502 0.999499
       
TRITEX 295.75692000 606.05116000 -135.96513000 -1.997502 0.01195999999999997
       -286.19100000 264.08623000 -135.96513000 2.383091 0.0004990000000000272
       295.75692000 420.05590000 -185.56386000 -1.383091 0.9995
       
TRITEX -286.19100000 264.08620000 140.71236000 2.383091 0.0004999999999999449
       295.75686000 420.05590000 190.31118000 -1.383091 0.999501
       -286.19103000 78.09094000 190.31112000 2.997503 0.98804
       

TEXTURE corridor09
TRITEX -286.19100000 79.02844000 178.74081000 6.652586 -0.01499600000000001
       292.94442000 420.99340000 178.74084000 -6.596244 -0.0055670000000001
       292.94442000 337.50895000 165.88929000 -5.759163 1.583404
       
TRITEX -286.19100000 79.02844000 178.74081000 6.652586 -0.01499600000000001
       292.94442000 337.50895000 165.88929000 -5.759163 1.583404
       -286.19100000 -4.45595000 165.88926000 7.489666 1.573974
       
TRITEX 292.94442000 420.99340000 -173.99358000 -6.596243 -0.005568000000000017
       -286.19103000 79.02844000 -173.99355000 6.652587 -0.014998000000000067
       292.94442000 337.50895000 -161.14200000 -5.759162 1.5834030000000001
       
TRITEX 292.94442000 337.50895000 -161.14200000 -5.759162 1.5834030000000001
       -286.19103000 79.02844000 -173.99355000 6.652587 -0.014998000000000067
       -286.19103000 -4.45598000 -161.14197000 7.489669 1.573972
       

OBJECT 187 CORRIDOR03


TEXTURE corridor01
TRITEX -180.84036000 24.21678000 -211.22166000 0.900756 -0.41885799999999995
       179.35431000 24.21678000 -211.22166000 0.902121 1.079361
       -180.84036000 24.21678000 209.71584000 0.096514 -0.4188590000000001
       
TRITEX -180.84036000 24.21678000 209.71584000 0.096514 -0.4188590000000001
       179.35431000 24.21678000 -211.22166000 0.902121 1.079361
       179.35431000 24.21678000 209.71584000 0.097879 1.079361
       
TRITEX 179.35431000 37.34178000 209.71584000 0.097879 0.40303999999999995
       179.35431000 37.34178000 -211.22166000 0.902121 0.40303999999999995
       -180.84036000 37.34178000 209.71584000 0.096514 -0.4188590000000001
       
TRITEX -180.84036000 37.34178000 209.71584000 0.096514 -0.4188590000000001
       179.35431000 37.34178000 -211.22166000 0.902121 0.40303999999999995
       -180.84036000 37.34178000 -211.22166000 0.900756 -0.41885799999999995
       
TRITEX 179.35431000 24.21678000 209.71584000 0.9995 0.999501
       179.35431000 37.34178000 209.71584000 0.9995 0.0004990000000000272
       -180.84036000 24.21678000 209.71584000 0.0005 0.999501
       
TRITEX -180.84036000 24.21678000 209.71584000 0.0005 0.999501
       179.35431000 37.34178000 209.71584000 0.9995 0.0004990000000000272
       -180.84036000 37.34178000 209.71584000 0.0005 0.0004990000000000272
       
TRITEX -180.84036000 37.34178000 -211.22166000 0.9995 0.0004990000000000272
       179.35431000 37.34178000 -211.22166000 0.0005 0.0004990000000000272
       -180.84036000 24.21678000 -211.22166000 0.9995 0.999501
       
TRITEX -180.84036000 24.21678000 -211.22166000 0.9995 0.999501
       179.35431000 37.34178000 -211.22166000 0.0005 0.0004990000000000272
       179.35431000 24.21678000 -211.22166000 0.0005 0.999501
       
TRITEX -180.84036000 37.34178000 209.71584000 0.9995 0.0004990000000000272
       -180.84036000 37.34178000 -211.22166000 0.0005 0.0004990000000000272
       -180.84036000 24.21678000 209.71584000 0.9995 0.999501
       
TRITEX -180.84036000 24.21678000 209.71584000 0.9995 0.999501
       -180.84036000 37.34178000 -211.22166000 0.0005 0.0004990000000000272
       -180.84036000 24.21678000 -211.22166000 0.0005 0.999501
       
TRITEX 179.35431000 24.21678000 -211.22166000 0.9995 0.999501
       179.35431000 37.34178000 -211.22166000 0.9995 0.0004990000000000272
       179.35431000 24.21678000 209.71584000 0.0005 0.999501
       
TRITEX 179.35431000 24.21678000 209.71584000 0.0005 0.999501
       179.35431000 37.34178000 -211.22166000 0.9995 0.0004990000000000272
       179.35431000 37.34178000 209.71584000 0.0005 0.0004990000000000272
       

TEXTURE corridor04
       
TRITEX 182.16681000 312.96678000 79.40334000 0.9995 0.0004990000000000272
       -184.59036000 312.96678000 79.40334000 0.0005 0.0004999999999999449
       182.16681000 312.96678000 -98.72166000 0.999501 0.9995
       
TRITEX 182.16681000 312.96678000 -98.72166000 0.999501 0.9995
       -184.59036000 312.96678000 79.40334000 0.0005 0.0004999999999999449
       -184.59036000 312.96678000 -98.72166000 0.0005 0.999501
       
       

TEXTURE corridor08
TRITEX -182.71533000 266.46210000 138.99204000 -0.499001 0.0004999999999999449
       180.29178000 266.46204000 138.99210000 1.499001 0.0004999999999999449
       180.29178000 80.46678000 188.59086000 1.499001 0.9995
       
TRITEX -182.71536000 81.40428000 -299.34666000 1.499001 0.9995
       -182.71536000 81.40428000 -175.71387000 1.499001 0.09456799999999999
       177.47931000 81.40428000 -299.34666000 -0.499001 0.999499
       
TRITEX 177.47931000 81.40428000 -299.34666000 -0.499001 0.999499
       -182.71536000 81.40428000 -175.71387000 1.499001 0.09456799999999999
       177.47931000 81.40428000 -175.71387000 -0.499001 0.09456699999999996
       
TRITEX -182.71536000 81.40431000 177.02049000 1.499001 0.09456799999999999
       177.47925000 81.40428000 300.65334000 -0.499001 0.999499
       177.47928000 81.40428000 177.02055000 -0.499001 0.09456699999999996
       
TRITEX -182.71536000 81.40431000 177.02049000 1.499001 0.09456799999999999
       -182.71536000 81.40434000 300.65328000 1.499001 0.9995
       177.47925000 81.40428000 300.65334000 -0.499001 0.999499
       
TRITEX 180.29181000 214.82115000 -152.80479000 1.499001 0.999501
       -182.71536000 358.90428000 -8.72169000 -0.499001 0.0004990000000000272
       -182.71536000 214.82115000 -152.80479000 -0.499001 0.999499
       
TRITEX 180.29181000 358.90428000 -8.72169000 1.499001 0.0005009999999999737
       -182.71536000 358.90428000 -8.72169000 -0.499001 0.0004990000000000272
       180.29181000 214.82115000 -152.80479000 1.499001 0.999501
       
TRITEX 180.29181000 80.46678000 -187.28418000 1.499001 0.9995
       -182.71536000 266.46207000 -137.68545000 -0.499001 0.0004999999999999449
       -182.71536000 80.46678000 -187.28418000 -0.499001 0.9995
       
TRITEX -182.71533000 358.90428000 10.02828000 -0.499001 0.0004990000000000272
       180.29181000 358.90425000 10.02834000 1.499001 0.0005009999999999737
       180.29178000 214.82115000 154.11147000 1.499001 0.999501
       
TRITEX -182.71533000 358.90428000 10.02828000 -0.499001 0.0004990000000000272
       180.29178000 214.82115000 154.11147000 1.499001 0.999501
       -182.71533000 214.82118000 154.11141000 -0.499001 0.999499
       
TRITEX 180.29181000 266.46207000 -137.68545000 1.499001 0.0004999999999999449
       -182.71536000 266.46207000 -137.68545000 -0.499001 0.0004999999999999449
       180.29181000 80.46678000 -187.28418000 1.499001 0.9995
       
TRITEX -182.71533000 266.46210000 138.99204000 -0.499001 0.0004999999999999449
       180.29178000 80.46678000 188.59086000 1.499001 0.9995
       -182.71536000 80.46681000 188.59080000 -0.499001 0.9995
       

TEXTURE corridor09
TRITEX -182.71536000 81.40431000 177.02049000 -2.996503 0.0004990000000000272
       177.47928000 81.40428000 177.02055000 3.996503 0.0004990000000000272
       177.47928000 37.34178000 164.16900000 3.996503 0.999501
       
TRITEX -182.71536000 81.40431000 177.02049000 -2.996503 0.0004990000000000272
       177.47928000 37.34178000 164.16900000 3.996503 0.999501
       -182.71536000 37.34181000 164.16894000 -2.996503 0.999501
       
TRITEX 177.47931000 81.40428000 -175.71387000 3.996503 0.0004990000000000272
       -182.71536000 81.40428000 -175.71387000 -2.996503 0.0004990000000000272
       177.47931000 37.34178000 -162.86229000 3.996503 0.999501
       
TRITEX 177.47931000 37.34178000 -162.86229000 3.996503 0.999501
       -182.71536000 81.40428000 -175.71387000 -2.996503 0.0004990000000000272
       -182.71536000 37.34178000 -162.86229000 -2.996503 0.999501


OBJECT 188 CORRIDOR04


TEXTURE corridor01
TRITEX -143.43750000 24.21676000 -85.31250000 0.999501 0.9995
       148.12500000 24.21676000 84.37500000 0.000499 0.0004999999999999449
       -143.43750000 24.21676000 84.37500000 0.9995 0.0004999999999999449
       
TRITEX 148.12500000 24.21676000 -85.31250000 0.0005 0.9995
       148.12500000 24.21676000 84.37500000 0.000499 0.0004999999999999449
       -143.43750000 24.21676000 -85.31250000 0.999501 0.9995
       
TRITEX -143.43750000 37.34176000 -85.31250000 0.669121 0.5704549999999999
       148.12500000 37.34176000 84.37500000 0.334168 -0.011252999999999957
       148.12500000 37.34176000 -85.31250000 0.6697 -0.011832999999999982
       
TRITEX -143.43750000 37.34176000 84.37500000 0.335459 0.571035
       148.12500000 37.34176000 84.37500000 0.334168 -0.011252999999999957
       -143.43750000 37.34176000 -85.31250000 0.669121 0.5704549999999999
       
TRITEX -143.43750000 24.21676000 -85.31250000 0.000499 0.9995
       148.12500000 37.34176000 -85.31250000 0.9995 0.0004999999999999449
       148.12500000 24.21676000 -85.31250000 0.9995 0.9995
       
TRITEX -143.43750000 37.34176000 -85.31250000 0.000499 0.0004999999999999449
       148.12500000 37.34176000 -85.31250000 0.9995 0.0004999999999999449
       -143.43750000 24.21676000 -85.31250000 0.000499 0.9995
       
TRITEX -143.43750000 24.21676000 84.37500000 0.9995 0.9995
       148.12500000 37.34176000 84.37500000 0.000499 0.0004999999999999449
       -143.43750000 37.34176000 84.37500000 0.9995 0.0004999999999999449
       
TRITEX 148.12500000 24.21676000 84.37500000 0.000499 0.9995
       148.12500000 37.34176000 84.37500000 0.000499 0.0004999999999999449
       -143.43750000 24.21676000 84.37500000 0.9995 0.9995
       
TRITEX -143.43750000 24.21676000 -85.31250000 0.9995 0.9995
       -143.43750000 37.34176000 84.37500000 0.0005 0.0004999999999999449
       -143.43750000 37.34176000 -85.31250000 0.9995 0.0004999999999999449
       
TRITEX -143.43750000 24.21676000 84.37500000 0.0005 0.9995
       -143.43750000 37.34176000 84.37500000 0.0005 0.0004999999999999449
       -143.43750000 24.21676000 -85.31250000 0.9995 0.9995
       
TRITEX 148.12500000 24.21676000 -85.31250000 0.0005 0.9995
       148.12500000 37.34176000 84.37500000 0.9995 0.0004999999999999449
       148.12500000 24.21676000 84.37500000 0.9995 0.9995
       
TRITEX 148.12500000 37.34176000 -85.31250000 0.0005 0.0004999999999999449
       148.12500000 37.34176000 84.37500000 0.9995 0.0004999999999999449
       148.12500000 24.21676000 -85.31250000 0.0005 0.9995
       

TEXTURE corridor04
TRITEX -142.50000000 37.34176000 194.06250000 0.9995 0.0004990000000000272
       148.12500000 37.34176000 68.43750000 0.0005 0.324631
       148.12500000 37.34176000 194.06250000 0.0005 0.0004999999999999449
       
TRITEX -142.50000000 37.34176000 68.43750000 0.9995 0.32463
       148.12500000 37.34176000 68.43750000 0.0005 0.324631
       -142.50000000 37.34176000 194.06250000 0.9995 0.0004990000000000272
       
TRITEX -142.50000000 175.15426000 194.06250000 0.0005 0.0004990000000000272
       148.12500000 175.15426000 32.56848000 0.9995 0.41818900000000003
       -142.50000000 175.15426000 32.56848000 0.0005 0.41818900000000003
       
TRITEX 148.12500000 175.15426000 194.06250000 0.9995 0.0004999999999999449
       148.12500000 175.15426000 32.56848000 0.9995 0.41818900000000003
       -142.50000000 175.15426000 194.06250000 0.0005 0.0004990000000000272
       
TRITEX -142.50000000 37.34176000 194.06250000 0.0005 0.999501
       -142.50000000 175.15426000 32.56848000 0.417178 0.4001
       -142.50000000 37.34176000 68.43750000 0.324631 0.999501
       
TRITEX -142.50000000 175.15426000 194.06250000 0.0005 0.4001
       -142.50000000 175.15426000 32.56848000 0.417178 0.4001
       -142.50000000 37.34176000 194.06250000 0.0005 0.999501
       
TRITEX 148.12500000 37.34176000 194.06250000 0.9995 0.999501
       148.12500000 175.15426000 32.56848000 0.582822 0.4001
       148.12500000 175.15426000 194.06250000 0.9995 0.4001
       
TRITEX 148.12500000 37.34176000 68.43750000 0.675369 0.999501
       148.12500000 175.15426000 32.56848000 0.582822 0.4001
       148.12500000 37.34176000 194.06250000 0.9995 0.999501
       
TRITEX -142.50000000 37.34176000 194.06250000 0.9995 0.999501
       148.12500000 175.15426000 194.06250000 0.0005 0.4001
       -142.50000000 175.15426000 194.06250000 0.9995 0.4001
       
TRITEX 148.12500000 37.34176000 194.06250000 0.0005 0.999501
       148.12500000 175.15426000 194.06250000 0.0005 0.4001
       -142.50000000 37.34176000 194.06250000 0.9995 0.999501
       
TRITEX -142.50000000 37.34176000 -65.62500000 0.9995 0.670532
       148.12500000 37.34176000 -192.18750000 0.0005 0.997082
       148.12500000 37.34176000 -65.62500000 0.0005 0.670532
       
TRITEX -142.50000000 37.34176000 -192.18750000 0.9995 0.997081
       148.12500000 37.34176000 -192.18750000 0.0005 0.997082
       -142.50000000 37.34176000 -65.62500000 0.9995 0.670532
       
TRITEX -142.50000000 176.09176000 -28.12500000 0.0005 0.575167
       148.12500000 176.09176000 -192.18750000 0.9995 0.999501
       -142.50000000 176.09176000 -192.18750000 0.0005 0.9995
       
TRITEX 148.12500000 176.09176000 -28.12500000 0.9995 0.575168
       148.12500000 176.09176000 -192.18750000 0.9995 0.999501
       -142.50000000 176.09176000 -28.12500000 0.0005 0.575167
       
TRITEX -142.50000000 37.34176000 -65.62500000 0.670532 0.999501
       -142.50000000 176.09176000 -192.18750000 0.997081 0.396022
       -142.50000000 37.34176000 -192.18750000 0.997081 0.999501
       
TRITEX -142.50000000 176.09176000 -28.12500000 0.573776 0.396022
       -142.50000000 176.09176000 -192.18750000 0.997081 0.396022
       -142.50000000 37.34176000 -65.62500000 0.670532 0.999501
       
TRITEX 148.12500000 37.34176000 -65.62500000 0.329468 0.999501
       148.12500000 176.09176000 -192.18750000 0.002918 0.396022
       148.12500000 176.09176000 -28.12500000 0.426224 0.396022
       
TRITEX 148.12500000 37.34176000 -192.18750000 0.002918 0.999501
       148.12500000 176.09176000 -192.18750000 0.002918 0.396022
       148.12500000 37.34176000 -65.62500000 0.329468 0.999501
       
TRITEX -142.50000000 37.34176000 -192.18750000 0.0005 0.999501
       148.12500000 176.09176000 -192.18750000 0.9995 0.396022
       148.12500000 37.34176000 -192.18750000 0.9995 0.999501
       
TRITEX -142.50000000 176.09176000 -192.18750000 0.0005 0.396022
       148.12500000 176.09176000 -192.18750000 0.9995 0.396022
       -142.50000000 37.34176000 -192.18750000 0.0005 0.999501
       
TRITEX -142.50000000 174.21676000 -193.12500000 0.0005 0.9995
       148.12500000 174.21676000 194.06250000 0.9995 0.0004999999999999449
       -142.50000000 174.21676000 194.06250000 0.0005 0.0004990000000000272
       
TRITEX 148.12500000 174.21676000 -193.12500000 0.9995 0.999501
       148.12500000 174.21676000 194.06250000 0.9995 0.0004999999999999449
       -142.50000000 174.21676000 -193.12500000 0.0005 0.9995
       
TRITEX -142.50000000 267.02926000 -193.12500000 0.0005 0.9995
       148.12500000 267.02926000 194.06250000 0.9995 0.0004999999999999449
       148.12500000 267.02926000 -193.12500000 0.9995 0.999501
       
TRITEX -142.50000000 267.02926000 194.06250000 0.0005 0.0004990000000000272
       148.12500000 267.02926000 194.06250000 0.9995 0.0004999999999999449
       -142.50000000 267.02926000 -193.12500000 0.0005 0.9995
       
TRITEX -142.50000000 174.21676000 -193.12500000 0.0005 0.404177
       148.12500000 267.02926000 -193.12500000 0.9995 0.0004990000000000272
       148.12500000 174.21676000 -193.12500000 0.9995 0.404177
       
TRITEX -142.50000000 267.02926000 -193.12500000 0.0005 0.0004990000000000272
       148.12500000 267.02926000 -193.12500000 0.9995 0.0004990000000000272
       -142.50000000 174.21676000 -193.12500000 0.0005 0.404177
       
TRITEX -142.50000000 174.21676000 194.06250000 0.9995 0.404177
       148.12500000 267.02926000 194.06250000 0.0005 0.0004990000000000272
       -142.50000000 267.02926000 194.06250000 0.9995 0.0004990000000000272
       
TRITEX 148.12500000 174.21676000 194.06250000 0.0005 0.404177
       148.12500000 267.02926000 194.06250000 0.0005 0.0004990000000000272
       -142.50000000 174.21676000 194.06250000 0.9995 0.404177
       
TRITEX -142.50000000 174.21676000 -193.12500000 0.9995 0.404177
       -142.50000000 267.02926000 194.06250000 0.0005 0.0004990000000000272
       -142.50000000 267.02926000 -193.12500000 0.9995 0.0004990000000000272
       
TRITEX -142.50000000 174.21676000 194.06250000 0.0005 0.404177
       -142.50000000 267.02926000 194.06250000 0.0005 0.0004990000000000272
       -142.50000000 174.21676000 -193.12500000 0.9995 0.404177
       
TRITEX 148.12500000 174.21676000 -193.12500000 0.0005 0.404177
       148.12500000 267.02926000 194.06250000 0.9995 0.0004990000000000272
       148.12500000 174.21676000 194.06250000 0.9995 0.404177
       
TRITEX 148.12500000 267.02926000 -193.12500000 0.0005 0.0004990000000000272
       148.12500000 267.02926000 194.06250000 0.9995 0.0004990000000000272
       148.12500000 174.21676000 -193.12500000 0.0005 0.404177
       

TEXTURE corridor03
TRITEX -142.50000000 37.34176000 68.43750000 0.0005 0.999501
       148.12500000 175.15426000 32.56848000 0.9995 0.007249999999999979
       148.12500000 37.34176000 68.43750000 0.999501 0.999501
       
TRITEX -142.50000000 175.15426000 32.56848000 0.0005 0.007249999999999979
       148.12500000 175.15426000 32.56848000 0.9995 0.007249999999999979
       -142.50000000 37.34176000 68.43750000 0.0005 0.999501
       
TRITEX -142.50000000 37.34176000 -65.62500000 0.0005 0.9995
       148.12500000 176.09176000 -28.12500000 0.9995 0.0004999999999999449
       -142.50000000 176.09176000 -28.12500000 0.0005 0.0004999999999999449
       
TRITEX 148.12500000 37.34176000 -65.62500000 0.9995 0.9995
       148.12500000 176.09176000 -28.12500000 0.9995 0.0004999999999999449
       -142.50000000 37.34176000 -65.62500000 0.0005 0.9995
       


OBJECT 189 ROOM02


TEXTURE corridor04
TRITEX 140.22360000 36.40428000 -130.36161000 -0.499001 1.499001
       140.22360000 36.40428000 160.26339000 1.499001 1.499001
       140.22360000 327.02928000 -130.36161000 -0.499001 -0.49900100000000003
       
TRITEX 140.22360000 327.02928000 -130.36161000 -0.499001 -0.49900100000000003
       140.22360000 36.40428000 160.26339000 1.499001 1.499001
       140.22360000 327.02928000 160.26339000 1.499001 -0.49900100000000003
       
TRITEX 186.16110000 327.02928000 160.26339000 -0.499001 -0.49900100000000003
       186.16110000 36.40428000 160.26339000 -0.499001 1.499001
       186.16110000 327.02928000 -130.36161000 1.499001 -0.49900100000000003
       
TRITEX 186.16110000 327.02928000 -130.36161000 1.499001 -0.49900100000000003
       186.16110000 36.40428000 160.26339000 -0.499001 1.499001
       186.16110000 36.40428000 -130.36161000 1.499001 1.499001
       
TRITEX 140.22360000 327.02928000 160.26339000 1.499001 -0.49900100000000003
       186.16110000 327.02928000 160.26339000 -0.498998 -0.49900100000000003
       140.22360000 327.02928000 -130.36161000 1.498998 1.499001
       
TRITEX 140.22360000 327.02928000 -130.36161000 1.498998 1.499001
       186.16110000 327.02928000 160.26339000 -0.498998 -0.49900100000000003
       186.16110000 327.02928000 -130.36161000 -0.499001 1.499001
       
TRITEX 186.16110000 36.40428000 -130.36161000 1.499001 1.499001
       186.16110000 36.40428000 160.26339000 1.498998 -0.49900100000000003
       140.22360000 36.40428000 -130.36161000 -0.498998 1.499001
       
TRITEX 140.22360000 36.40428000 -130.36161000 -0.498998 1.499001
       186.16110000 36.40428000 160.26339000 1.498998 -0.49900100000000003
       140.22360000 36.40428000 160.26339000 -0.499001 -0.49900100000000003
       
TRITEX 186.16110000 327.02928000 -130.36161000 -0.499001 -0.49900100000000003
       186.16110000 36.40428000 -130.36161000 -0.499001 1.499001
       140.22360000 327.02928000 -130.36161000 1.498998 -0.49900100000000003
       
TRITEX 140.22360000 327.02928000 -130.36161000 1.498998 -0.49900100000000003
       186.16110000 36.40428000 -130.36161000 -0.499001 1.499001
       140.22360000 36.40428000 -130.36161000 1.498998 1.499001
       
TRITEX 140.22360000 36.40428000 160.26339000 -0.499001 1.499001
       186.16110000 36.40428000 160.26339000 1.498998 1.499001
       140.22360000 327.02928000 160.26339000 -0.499001 -0.49900100000000003
       
TRITEX 140.22360000 327.02928000 160.26339000 -0.499001 -0.49900100000000003
       186.16110000 36.40428000 160.26339000 1.498998 1.499001
       186.16110000 327.02928000 160.26339000 1.498998 -0.49900100000000003
       
TRITEX -147.58890000 36.40428000 160.26339000 -0.499001 1.499001
       -147.58890000 36.40428000 -130.36161000 1.499001 1.499001
       -147.58890000 327.02928000 160.26339000 -0.499001 -0.49900100000000003
       
TRITEX -147.58890000 327.02928000 160.26339000 -0.499001 -0.49900100000000003
       -147.58890000 36.40428000 -130.36161000 1.499001 1.499001
       -147.58890000 327.02928000 -130.36161000 1.499001 -0.49900100000000003
       
TRITEX -189.77640000 327.02928000 -130.36161000 -0.499001 -0.49900100000000003
       -189.77640000 36.40428000 -130.36161000 -0.499001 1.499001
       -189.77640000 327.02928000 160.26339000 1.499001 -0.49900100000000003
       
TRITEX -189.77640000 327.02928000 160.26339000 1.499001 -0.49900100000000003
       -189.77640000 36.40428000 -130.36161000 -0.499001 1.499001
       -189.77640000 36.40428000 160.26339000 1.499001 1.499001
       
TRITEX -147.58890000 327.02928000 -130.36161000 -0.499001 1.499001
       -189.77640000 327.02928000 -130.36161000 1.498997 1.499001
       -147.58890000 327.02928000 160.26339000 -0.498998 -0.49900100000000003
       
TRITEX -147.58890000 327.02928000 160.26339000 -0.498998 -0.49900100000000003
       -189.77640000 327.02928000 -130.36161000 1.498997 1.499001
       -189.77640000 327.02928000 160.26339000 1.499001 -0.49900100000000003
       
TRITEX -189.77640000 36.40428000 160.26339000 -0.499001 -0.49900100000000003
       -189.77640000 36.40428000 -130.36161000 -0.498997 1.499001
       -147.58890000 36.40428000 160.26339000 1.498998 -0.49900100000000003
       
TRITEX -147.58890000 36.40428000 160.26339000 1.498998 -0.49900100000000003
       -189.77640000 36.40428000 -130.36161000 -0.498997 1.499001
       -147.58890000 36.40428000 -130.36161000 1.499001 1.499001
       
TRITEX -189.77640000 327.02928000 160.26339000 -0.499001 -0.49900100000000003
       -189.77640000 36.40428000 160.26339000 -0.499001 1.499001
       -147.58890000 327.02928000 160.26339000 1.498998 -0.49900100000000003
       
TRITEX -147.58890000 327.02928000 160.26339000 1.498998 -0.49900100000000003
       -189.77640000 36.40428000 160.26339000 -0.499001 1.499001
       -147.58890000 36.40428000 160.26339000 1.498998 1.499001
       
TRITEX -147.58890000 36.40428000 -130.36161000 -0.499001 1.499001
       -189.77640000 36.40428000 -130.36161000 1.498997 1.499001
       -147.58890000 327.02928000 -130.36161000 -0.499001 -0.49900100000000003
       
TRITEX -147.58890000 327.02928000 -130.36161000 -0.499001 -0.49900100000000003
       -189.77640000 36.40428000 -130.36161000 1.498997 1.499001
       -189.77640000 327.02928000 -130.36161000 1.498997 -0.49900100000000003
       
TRITEX 192.99801000 36.40428000 114.56733000 -0.499001 1.499001
       -196.74942000 36.40428000 114.56730000 1.499001 1.499001
       192.99801000 327.02925000 114.56730000 -0.499001 -0.49900100000000003
       
TRITEX 192.99801000 327.02925000 114.56730000 -0.499001 -0.49900100000000003
       -196.74942000 36.40428000 114.56730000 1.499001 1.499001
       -196.74942000 327.02925000 114.56730000 1.499001 -0.49900100000000003
       
TRITEX -196.74945000 327.02928000 160.50480000 -0.499001 -0.49900100000000003
       -196.74945000 36.40428000 160.50480000 -0.499001 1.499001
       192.99798000 327.02928000 160.50480000 1.499001 -0.49900100000000003
       
TRITEX 192.99798000 327.02928000 160.50480000 1.499001 -0.49900100000000003
       -196.74945000 36.40428000 160.50480000 -0.499001 1.499001
       192.99798000 36.40428000 160.50480000 1.499001 1.499001
       
TRITEX -196.74942000 327.02925000 114.56730000 1.499001 1.499002
       -196.74945000 327.02928000 160.50480000 1.499001 -0.49899399999999994
       192.99801000 327.02925000 114.56730000 -0.499001 1.498996
       
TRITEX 192.99801000 327.02925000 114.56730000 -0.499001 1.498996
       -196.74945000 327.02928000 160.50480000 1.499001 -0.49899399999999994
       192.99798000 327.02928000 160.50480000 -0.499001 -0.4990000000000001
       
TRITEX 192.99798000 36.40428000 160.50480000 1.499001 -0.4990000000000001
       -196.74945000 36.40428000 160.50480000 -0.499001 -0.49899399999999994
       192.99801000 36.40428000 114.56733000 1.499001 1.498996
       
TRITEX 192.99801000 36.40428000 114.56733000 1.499001 1.498996
       -196.74945000 36.40428000 160.50480000 -0.499001 -0.49899399999999994
       -196.74942000 36.40428000 114.56730000 -0.499001 1.499002
       
TRITEX 192.99798000 327.02928000 160.50480000 -0.499 -0.49900100000000003
       192.99798000 36.40428000 160.50480000 -0.499 1.499001
       192.99801000 327.02925000 114.56730000 1.498996 -0.49900100000000003
       
TRITEX 192.99801000 327.02925000 114.56730000 1.498996 -0.49900100000000003
       192.99798000 36.40428000 160.50480000 -0.499 1.499001
       192.99801000 36.40428000 114.56733000 1.498996 1.499001
       
TRITEX -196.74942000 36.40428000 114.56730000 -0.499002 1.499001
       -196.74945000 36.40428000 160.50480000 1.498994 1.499001
       -196.74942000 327.02925000 114.56730000 -0.499002 -0.49900100000000003
       
TRITEX -196.74942000 327.02925000 114.56730000 -0.499002 -0.49900100000000003
       -196.74945000 36.40428000 160.50480000 1.498994 1.499001
       -196.74945000 327.02928000 160.50480000 1.498994 -0.49900100000000003
       
       
TRITEX 191.51103000 296.40372000 -135.82581000 1.499001 1.499001
       -192.93687000 296.32308000 154.13430000 -0.499001 -0.49900100000000003
       -192.93687000 296.32308000 -135.82581000 -0.499 1.499001
       
TRITEX 191.51103000 296.40372000 154.13430000 1.499 -0.49900100000000003
       -192.93687000 296.32308000 154.13430000 -0.499001 -0.49900100000000003
       191.51103000 296.40372000 -135.82581000 1.499001 1.499001
       
       

TEXTURE corridor01
TRITEX -255.40140000 6.40428000 165.31512000 0.9995 0.84965
       -255.40140000 37.34178000 165.31512000 0.9995 0.15034999999999998
       -255.40140000 6.40428000 -172.54911000 0.0005 0.84965
       
TRITEX 248.97360000 6.40428000 -172.54911000 0.9995 0.84965
       248.97360000 37.34178000 165.31512000 0.0005 0.15034999999999998
       248.97360000 6.40428000 165.31512000 0.0005 0.84965
       
TRITEX 248.97360000 37.34178000 -172.54911000 0.9995 0.15034999999999998
       248.97360000 37.34178000 165.31512000 0.0005 0.15034999999999998
       248.97360000 6.40428000 -172.54911000 0.9995 0.84965
       
TRITEX 248.97360000 6.40428000 165.31512000 0.9995 0.84965
       -255.40140000 37.34178000 165.31512000 0.0005 0.15034999999999998
       -255.40140000 6.40428000 165.31512000 0.0005 0.84965
       
TRITEX 248.97360000 37.34178000 165.31512000 0.9995 0.15034999999999998
       -255.40140000 37.34178000 165.31512000 0.0005 0.15034999999999998
       248.97360000 6.40428000 165.31512000 0.9995 0.84965
       
TRITEX 248.97360000 6.40428000 -172.54911000 0.0005 0.84965
       -255.40140000 37.34178000 -172.54911000 0.9995 0.15034999999999998
       248.97360000 37.34178000 -172.54911000 0.0005 0.15034999999999998
       
TRITEX -255.40140000 6.40428000 -172.54911000 0.9995 0.84965
       -255.40140000 37.34178000 -172.54911000 0.9995 0.15034999999999998
       248.97360000 6.40428000 -172.54911000 0.0005 0.84965
       
TRITEX 248.97360000 37.34178000 -172.54911000 0.0005 0.84965
       -255.40140000 37.34178000 165.31512000 0.9995 0.15034999999999998
       248.97360000 37.34178000 165.31512000 0.0005 0.15034999999999998
       
TRITEX -255.40140000 37.34178000 -172.54911000 0.9995 0.84965
       -255.40140000 37.34178000 165.31512000 0.9995 0.15034999999999998
       248.97360000 37.34178000 -172.54911000 0.0005 0.84965
       
TRITEX 248.97360000 6.40428000 -172.54911000 0.9995 0.84965
       -255.40140000 6.40428000 165.31512000 0.0005 0.15034999999999998
       -255.40140000 6.40428000 -172.54911000 0.0005 0.84965
       
TRITEX 248.97360000 6.40428000 165.31512000 0.9995 0.15034999999999998
       -255.40140000 6.40428000 165.31512000 0.0005 0.15034999999999998
       248.97360000 6.40428000 -172.54911000 0.9995 0.84965
       
TRITEX -255.40140000 6.40428000 -172.54911000 0.0005 0.84965
       -255.40140000 37.34178000 165.31512000 0.9995 0.15034999999999998
       -255.40140000 37.34178000 -172.54911000 0.0005 0.15034999999999998
       

TEXTURE corridor09
TRITEX -154.29381000 37.34178000 86.51919000 2.997503 0.0005009999999999737
       145.61013000 37.34178000 87.45120000 -1.997502 0.0004999999999999449
       -154.41501000 37.34178000 117.60648000 2.997503 0.9995
       
TRITEX -154.41501000 37.34178000 117.60648000 2.997503 0.9995
       145.61013000 37.34178000 87.45120000 -1.997502 0.0004999999999999449
       145.48893000 37.34178000 118.53846000 -1.997502 0.999499
       
TRITEX 145.48893000 81.40428000 118.53846000 2.997502 0.603032
       145.56201000 81.40428000 99.78858000 2.997502 0.0004990000000000272
       -154.41501000 81.40428000 117.60648000 -1.997503 0.6030340000000001
       
TRITEX -154.41501000 81.40428000 117.60648000 -1.997503 0.6030340000000001
       145.56201000 81.40428000 99.78858000 2.997502 0.0004990000000000272
       -154.34190000 81.40428000 98.85660000 -1.997503 0.0005009999999999737
       
TRITEX 145.48893000 37.34178000 118.53846000 2.997503 0.834703
       145.48893000 81.40428000 118.53846000 2.997502 0.0004999999999999449
       -154.41501000 37.34178000 117.60648000 -1.997502 0.834704
       
TRITEX -154.41501000 37.34178000 117.60648000 -1.997502 0.834704
       145.48893000 81.40428000 118.53846000 2.997502 0.0004999999999999449
       -154.41501000 81.40428000 117.60648000 -1.997503 0.0005009999999999737
       
TRITEX -154.34190000 81.40428000 98.85660000 2.997503 0.09989499999999996
       145.56201000 81.40428000 99.78858000 -1.997502 0.09989400000000004
       -154.29381000 37.34178000 86.51919000 2.997503 0.9995
       
TRITEX -154.29381000 37.34178000 86.51919000 2.997503 0.9995
       145.56201000 81.40428000 99.78858000 -1.997502 0.09989400000000004
       145.61013000 37.34178000 87.45120000 -1.997502 0.999499
       
TRITEX -154.41501000 81.40428000 117.60648000 2.997497 0.6030340000000001
       -154.34190000 81.40428000 98.85660000 2.500525 0.0005009999999999737
       -154.41501000 37.34178000 117.60648000 -1.173521 0.9995
       
TRITEX -154.41501000 37.34178000 117.60648000 -1.173521 0.9995
       -154.34190000 81.40428000 98.85660000 2.500525 0.0005009999999999737
       -154.29381000 37.34178000 86.51919000 -1.997501 0.0005009999999999737
       
TRITEX 145.61013000 37.34178000 87.45120000 2.997497 0.0004999999999999449
       145.56201000 81.40428000 99.78858000 -1.500529 0.0004990000000000272
       145.48893000 37.34178000 118.53846000 2.173517 0.999499
       
TRITEX 145.48893000 37.34178000 118.53846000 2.173517 0.999499
       145.56201000 81.40428000 99.78858000 -1.500529 0.0004990000000000272
       145.48893000 81.40428000 118.53846000 -1.997501 0.603032
       

OBJECT 190 BLOCK01

TEXTURE entrance_uni2
TRITEX 32.34375 60.079035 6.23439 0.572584 0.0004990000000000272
       32.34375 0.079035 -28.125 0.0005 0.999501
       32.34375 52.088474999999995 -28.125 0.0005 0.13354200000000005
       
TRITEX 32.34375 60.079035 31.875 0.9995 0.0004990000000000272
       32.34375 0.079035 -28.125 0.0005 0.999501
       32.34375 60.079035 6.23439 0.572584 0.0004990000000000272
       
TRITEX 32.34375 0.079035 31.875 0.9995 0.999501
       32.34375 0.079035 -28.125 0.0005 0.999501
       32.34375 60.079035 31.875 0.9995 0.0004990000000000272
       
TRITEX -27.65625 52.088474999999995 31.875 0.0005 0.13354200000000005
       -27.65625 0.079035 -28.125 0.9995 0.999501
       -27.65625 0.079035 31.875 0.0005 0.999501
       
TRITEX -27.65625 38.134995 -28.125 0.9995 0.36586799999999997
       -27.65625 0.079035 -28.125 0.9995 0.999501
       -27.65625 52.088474999999995 31.875 0.0005 0.13354200000000005
       
TRITEX 32.34375 60.079035 31.875 0.0005 0.0004990000000000272
       -27.65625 0.079035 31.875 0.9995 0.999501
       32.34375 0.079035 31.875 0.0005 0.999501
       
TRITEX 6.70314 60.079035 31.875 0.427416 0.0004990000000000272
       -27.65625 0.079035 31.875 0.9995 0.999501
       32.34375 60.079035 31.875 0.0005 0.0004990000000000272
       
TRITEX -27.65625 52.088474999999995 31.875 0.9995 0.13354200000000005
       -27.65625 0.079035 31.875 0.9995 0.999501
       6.70314 60.079035 31.875 0.427416 0.0004990000000000272
       
TRITEX 32.34375 52.088474999999995 -28.125 0.9995 0.13354200000000005
       -27.65625 0.079035 -28.125 0.0005 0.999501
       -27.65625 38.134995 -28.125 0.0005 0.36586799999999997
       
TRITEX 32.34375 0.079035 -28.125 0.9995 0.999501
       -27.65625 0.079035 -28.125 0.0005 0.999501
       32.34375 52.088474999999995 -28.125 0.9995 0.13354200000000005
       
TRITEX 6.70314 60.079035 31.875 0.572584 0.0004999999999999449
       32.34375 60.079035 31.875 0.999501 0.0004999999999999449
       32.34375 60.079035 6.23439 0.9995 0.427416
       
TRITEX 32.34375 0.079035 31.875 0.0005 0.0004999999999999449
       -27.65625 0.079035 -28.125 0.999501 0.9995
       32.34375 0.079035 -28.125 0.0005 0.999501
       
TRITEX -27.65625 0.079035 31.875 0.9995 0.0004990000000000272
       -27.65625 0.079035 -28.125 0.999501 0.9995
       32.34375 0.079035 31.875 0.0005 0.0004999999999999449
       
TRITEX -27.65625 60.079035 -28.125 0.0005 0.9995
       32.34375 60.079035 6.23439 0.9995 0.427416
       32.34375 60.079035 -28.125 0.9995 0.999501
       
TRITEX -27.65625 60.079035 31.875 0.0005 0.0004990000000000272
       32.34375 60.079035 6.23439 0.9995 0.427416
       -27.65625 60.079035 -28.125 0.0005 0.9995
       
TRITEX 6.70314 60.079035 31.875 0.572584 0.0004999999999999449
       32.34375 60.079035 6.23439 0.9995 0.427416
       -27.65625 60.079035 31.875 0.0005 0.0004990000000000272
       
TRITEX -27.65625 46.026075 -28.125 0.0005 0.23448199999999997
       32.34375 52.088474999999995 -28.125 0.9995 0.13354200000000005
       -10.78689 42.058094999999995 -28.125 0.281375 0.30054800000000004
       
TRITEX -27.65625 60.079035 -28.125 0.0005 0.0004990000000000272
       32.34375 52.088474999999995 -28.125 0.9995 0.13354200000000005
       -27.65625 46.026075 -28.125 0.0005 0.23448199999999997
       
TRITEX 32.34375 60.079035 -28.125 0.9995 0.0004990000000000272
       32.34375 52.088474999999995 -28.125 0.9995 0.13354200000000005
       -27.65625 60.079035 -28.125 0.0005 0.0004990000000000272
       
TRITEX -27.65625 60.079035 31.875 0.9995 0.0004990000000000272
       -27.65625 52.088474999999995 31.875 0.9995 0.13354200000000005
       6.70314 60.079035 31.875 0.427416 0.0004990000000000272
       
TRITEX -27.65625 60.079035 -28.125 0.9995 0.0004990000000000272
       -27.65625 52.088474999999995 31.875 0.0005 0.13354200000000005
       -27.65625 60.079035 31.875 0.0005 0.0004990000000000272
       
TRITEX -27.65625 46.026075 -28.125 0.9995 0.23448199999999997
       -27.65625 52.088474999999995 31.875 0.0005 0.13354200000000005
       -27.65625 60.079035 -28.125 0.9995 0.0004990000000000272
       
TRITEX -27.65625 42.079905 -11.161904999999999 0.717065 0.30018500000000004
       -27.65625 52.088474999999995 31.875 0.0005 0.13354200000000005
       -27.65625 46.026075 -28.125 0.9995 0.23448199999999997
       
TRITEX 32.34375 60.079035 6.23439 0.572584 0.0004990000000000272
       32.34375 52.088474999999995 -28.125 0.0005 0.13354200000000005
       32.34375 60.079035 -28.125 0.0005 0.0004990000000000272

TEXTURE entrance_uni1
TRITEX -10.78689 42.058094999999995 -28.125 0.718625 0.9995
       -27.65625 42.079905 -11.161904999999999 0.9995 0.7170650000000001
       -27.65625 46.026075 -28.125 0.999501 0.9995
       
TRITEX -10.78689 42.058094999999995 -28.125 0.281375 0.9995
       -27.65625 38.134995 -28.125 0.0005 0.9995
       -27.65625 42.079905 -11.161904999999999 0.0005 0.7170650000000001
       
OBJECT 191 BLOCK02

TEXTURE corridor07
TRITEX -27.65625 60.09066 -28.125 0.0005 0.9995
       32.34375 60.09066 31.875 0.999501 0.0004999999999999449
       32.34375 60.09066 -28.125 0.9995 0.999501

TRITEX -27.65625 60.09066 -21.764235 0.0005 0.893593
       32.34375 60.09066 31.875 0.999501 0.0004999999999999449
       -27.65625 60.09066 -28.125 0.0005 0.9995

TRITEX -2.61522 60.09066 31.875 0.417433 0.0004999999999999449
       32.34375 60.09066 31.875 0.999501 0.0004999999999999449
       -27.65625 60.09066 -21.764235 0.0005 0.893593

TRITEX -27.65625 60.09066 -28.125 0.0005 0.0004990000000000272
       32.34375 28.349325 -28.125 0.9995 0.528993
       -27.65625 26.72751 -28.125 0.0005 0.5559970000000001

TRITEX 32.34375 60.09066 -28.125 0.9995 0.0004990000000000272
       32.34375 28.349325 -28.125 0.9995 0.528993
       -27.65625 60.09066 -28.125 0.0005 0.0004990000000000272

TRITEX -2.61522 60.09066 31.875 0.582567 0.0004990000000000272
       32.34375 14.73504 31.875 0.0005 0.755671
       32.34375 60.09066 31.875 0.0005 0.0004990000000000272

TRITEX -27.65625 46.59066 31.875 0.9995 0.225275
       32.34375 14.73504 31.875 0.0005 0.755671
       -2.61522 60.09066 31.875 0.582567 0.0004990000000000272

TRITEX -27.65625 13.11321 31.875 0.9995 0.782675
       32.34375 14.73504 31.875 0.0005 0.755671
       -27.65625 46.59066 31.875 0.9995 0.225275

TRITEX -27.65625 60.09066 -21.764235 0.893593 0.0004990000000000272
       -27.65625 13.11321 31.875 0.0005 0.782675
       -27.65625 46.59066 31.875 0.0005 0.225275

TRITEX -27.65625 60.09066 -28.125 0.9995 0.0004990000000000272
       -27.65625 13.11321 31.875 0.0005 0.782675
       -27.65625 60.09066 -21.764235 0.893593 0.0004990000000000272

TRITEX -27.65625 26.72751 -28.125 0.9995 0.5559970000000001
       -27.65625 13.11321 31.875 0.0005 0.782675
       -27.65625 60.09066 -28.125 0.9995 0.0004990000000000272

TRITEX 32.34375 60.09066 -28.125 0.0005 0.0004990000000000272
       32.34375 14.73504 31.875 0.9995 0.755671
       32.34375 28.349325 -28.125 0.0005 0.528993

TRITEX 32.34375 60.09066 31.875 0.9995 0.0004990000000000272
       32.34375 14.73504 31.875 0.9995 0.755671
       32.34375 60.09066 -28.125 0.0005 0.0004990000000000272

TRITEX -27.65625 0.09066 -28.125 0.999501 0.9995
       32.34375 0.09066 31.875 0.0005 0.0004999999999999449
       -27.65625 0.09066 31.875 0.9995 0.0004990000000000272

TRITEX 32.34375 0.09066 -28.125 0.0005 0.999501
       32.34375 0.09066 31.875 0.0005 0.0004999999999999449
       -27.65625 0.09066 -28.125 0.999501 0.9995

TRITEX -27.65625 0.09066 -28.125 0.0005 0.999501
       32.34375 28.349325 -28.125 0.9995 0.528993
       32.34375 0.09066 -28.125 0.9995 0.999501

TRITEX -27.65625 18.80118 -28.125 0.0005 0.68797
       32.34375 28.349325 -28.125 0.9995 0.528993
       -27.65625 0.09066 -28.125 0.0005 0.999501

TRITEX -11.879895 27.153945 -28.125 0.263176 0.548896
       32.34375 28.349325 -28.125 0.9995 0.528993
       -27.65625 18.80118 -28.125 0.0005 0.68797

TRITEX -27.65625 0.09066 31.875 0.9995 0.999501
       32.34375 14.73504 31.875 0.0005 0.755671
       -27.65625 13.11321 31.875 0.9995 0.782675

TRITEX 32.34375 0.09066 31.875 0.0005 0.999501
       32.34375 14.73504 31.875 0.0005 0.755671
       -27.65625 0.09066 31.875 0.9995 0.999501

TRITEX -27.65625 18.80118 -28.125 0.9995 0.68797
       -27.65625 13.11321 31.875 0.0005 0.782675
       -27.65625 22.942439999999998 -11.443725 0.721757 0.6190180000000001

TRITEX -27.65625 0.09066 -28.125 0.9995 0.999501
       -27.65625 13.11321 31.875 0.0005 0.782675
       -27.65625 18.80118 -28.125 0.9995 0.68797

TRITEX -27.65625 0.09066 31.875 0.0005 0.999501
       -27.65625 13.11321 31.875 0.0005 0.782675
       -27.65625 0.09066 -28.125 0.9995 0.999501

TRITEX 32.34375 0.09066 -28.125 0.0005 0.999501
       32.34375 14.73504 31.875 0.9995 0.755671
       32.34375 0.09066 31.875 0.9995 0.999501

TRITEX 32.34375 28.349325 -28.125 0.0005 0.528993
       32.34375 14.73504 31.875 0.9995 0.755671
       32.34375 0.09066 -28.125 0.0005 0.999501

TRITEX -27.65625 60.09066 -4.01334 0.598041 0.0004990000000000272
       -27.65625 60.09066 -21.764235 0.893593 0.0004990000000000272
       -27.65625 55.309365 -2.76684 0.577287 0.08010799999999996

TRITEX -21.953625 60.09066 -9.54891 0.095448 0.6902079999999999
       -27.65625 60.09066 -21.764235 0.0005 0.893593
       -27.65625 60.09066 -4.01334 0.0005 0.598041

TEXTURE entrance_uni1
TRITEX -27.65625 60.09066 -21.764235 0.0005 0.893593
       -27.65625 46.59066 31.875 0.0005 0.0004990000000000272
       -2.61522 60.09066 31.875 0.417433 0.0004999999999999449

TRITEX -27.65625 18.80118 -28.125 0.0005 0.9995
       -27.65625 22.942439999999998 -11.443725 0.0005 0.721757
       -11.879895 27.153945 -28.125 0.263176 0.9995

TRITEX -27.65625 55.309365 -2.76684 0.9995 0.08010799999999996
       -21.953625 60.09066 -9.54891 0.904552 0.0004990000000000272
       -27.65625 60.09066 -4.01334 0.9995 0.0004990000000000272

TRITEX -11.879895 27.153945 -28.125 0.736824 0.9995
       -27.65625 22.942439999999998 -11.443725 0.9995 0.721757
       -27.65625 26.72751 -28.125 0.999501 0.9995
       

OBJECT 192 ROOM06


TEXTURE corridor04
TRITEX 141.85113000 36.40428000 -269.12133000 -0.499001 1.499001
       141.85113000 36.40428000 21.50367000 1.499001 1.499001
       141.85113000 327.02928000 -269.12133000 -0.499001 -0.49900100000000003
       
TRITEX 141.85113000 327.02928000 -269.12133000 -0.499001 -0.49900100000000003
       141.85113000 36.40428000 21.50367000 1.499001 1.499001
       141.85113000 327.02928000 21.50367000 1.499001 -0.49900100000000003
       
TRITEX 187.78863000 327.02928000 21.50367000 -0.499001 -0.49900100000000003
       187.78863000 36.40428000 21.50367000 -0.499001 1.499001
       187.78863000 327.02928000 -269.12133000 1.499001 -0.49900100000000003
       
TRITEX 187.78863000 327.02928000 -269.12133000 1.499001 -0.49900100000000003
       187.78863000 36.40428000 21.50367000 -0.499001 1.499001
       187.78863000 36.40428000 -269.12133000 1.499001 1.499001
       
TRITEX 141.85113000 327.02928000 21.50367000 1.499001 -0.49900100000000003
       187.78863000 327.02928000 21.50367000 -0.498998 -0.49900100000000003
       141.85113000 327.02928000 -269.12133000 1.498998 1.499001
       
TRITEX 141.85113000 327.02928000 -269.12133000 1.498998 1.499001
       187.78863000 327.02928000 21.50367000 -0.498998 -0.49900100000000003
       187.78863000 327.02928000 -269.12133000 -0.499001 1.499001
       
TRITEX 187.78863000 36.40428000 -269.12133000 1.499001 1.499001
       187.78863000 36.40428000 21.50367000 1.498998 -0.49900100000000003
       141.85113000 36.40428000 -269.12133000 -0.498998 1.499001
       
TRITEX 141.85113000 36.40428000 -269.12133000 -0.498998 1.499001
       187.78863000 36.40428000 21.50367000 1.498998 -0.49900100000000003
       141.85113000 36.40428000 21.50367000 -0.499001 -0.49900100000000003
       
TRITEX 187.78863000 327.02928000 -269.12133000 -0.499001 -0.49900100000000003
       187.78863000 36.40428000 -269.12133000 -0.499001 1.499001
       141.85113000 327.02928000 -269.12133000 1.498998 -0.49900100000000003
       
TRITEX 141.85113000 327.02928000 -269.12133000 1.498998 -0.49900100000000003
       187.78863000 36.40428000 -269.12133000 -0.499001 1.499001
       141.85113000 36.40428000 -269.12133000 1.498998 1.499001
       
TRITEX 141.85113000 36.40428000 21.50367000 -0.499001 1.499001
       187.78863000 36.40428000 21.50367000 1.498998 1.499001
       141.85113000 327.02928000 21.50367000 -0.499001 -0.49900100000000003
       
TRITEX 141.85113000 327.02928000 21.50367000 -0.499001 -0.49900100000000003
       187.78863000 36.40428000 21.50367000 1.498998 1.499001
       187.78863000 327.02928000 21.50367000 1.498998 -0.49900100000000003
       
TRITEX -145.96137000 36.40428000 21.50367000 -0.499001 1.499001
       -145.96137000 36.40428000 -269.12133000 1.499001 1.499001
       -145.96137000 327.02928000 21.50367000 -0.499001 -0.49900100000000003
       
TRITEX -145.96137000 327.02928000 21.50367000 -0.499001 -0.49900100000000003
       -145.96137000 36.40428000 -269.12133000 1.499001 1.499001
       -145.96137000 327.02928000 -269.12133000 1.499001 -0.49900100000000003
       
TRITEX -188.14887000 327.02928000 -269.12133000 -0.499001 -0.49900100000000003
       -188.14887000 36.40428000 -269.12133000 -0.499001 1.499001
       -188.14887000 327.02928000 21.50367000 1.499001 -0.49900100000000003
       
TRITEX -188.14887000 327.02928000 21.50367000 1.499001 -0.49900100000000003
       -188.14887000 36.40428000 -269.12133000 -0.499001 1.499001
       -188.14887000 36.40428000 21.50367000 1.499001 1.499001
       
TRITEX -145.96137000 327.02928000 -269.12133000 -0.499001 1.499001
       -188.14887000 327.02928000 -269.12133000 1.498997 1.499001
       -145.96137000 327.02928000 21.50367000 -0.498998 -0.49900100000000003
       
TRITEX -145.96137000 327.02928000 21.50367000 -0.498998 -0.49900100000000003
       -188.14887000 327.02928000 -269.12133000 1.498997 1.499001
       -188.14887000 327.02928000 21.50367000 1.499001 -0.49900100000000003
       
TRITEX -188.14887000 36.40428000 21.50367000 -0.499001 -0.49900100000000003
       -188.14887000 36.40428000 -269.12133000 -0.498997 1.499001
       -145.96137000 36.40428000 21.50367000 1.498998 -0.49900100000000003
       
TRITEX -145.96137000 36.40428000 21.50367000 1.498998 -0.49900100000000003
       -188.14887000 36.40428000 -269.12133000 -0.498997 1.499001
       -145.96137000 36.40428000 -269.12133000 1.499001 1.499001
       
TRITEX -188.14887000 327.02928000 21.50367000 -0.499001 -0.49900100000000003
       -188.14887000 36.40428000 21.50367000 -0.499001 1.499001
       -145.96137000 327.02928000 21.50367000 1.498998 -0.49900100000000003
       
TRITEX -145.96137000 327.02928000 21.50367000 1.498998 -0.49900100000000003
       -188.14887000 36.40428000 21.50367000 -0.499001 1.499001
       -145.96137000 36.40428000 21.50367000 1.498998 1.499001
       
TRITEX -145.96137000 36.40428000 -269.12133000 -0.499001 1.499001
       -188.14887000 36.40428000 -269.12133000 1.498997 1.499001
       -145.96137000 327.02928000 -269.12133000 -0.499001 -0.49900100000000003
       
TRITEX -145.96137000 327.02928000 -269.12133000 -0.499001 -0.49900100000000003
       -188.14887000 36.40428000 -269.12133000 1.498997 1.499001
       -188.14887000 327.02928000 -269.12133000 1.498997 -0.49900100000000003
       
TRITEX -145.02387000 36.40428000 19.62867000 0.000499 1.499001
       -296.89887000 36.40428000 19.62867000 0.9995 1.499001
       -145.02387000 327.02928000 19.62867000 0.000499 -0.49900100000000003
       
TRITEX -145.02387000 327.02928000 19.62867000 0.000499 -0.49900100000000003
       -296.89887000 36.40428000 19.62867000 0.9995 1.499001
       -296.89887000 327.02928000 19.62867000 0.9995 -0.49900100000000003
       
TRITEX -296.89887000 327.02928000 61.81617000 0.0005 -0.49900100000000003
       -296.89887000 36.40428000 61.81617000 0.0005 1.499001
       -145.02387000 327.02928000 61.81617000 0.9995 -0.49900100000000003
       
TRITEX -145.02387000 327.02928000 61.81617000 0.9995 -0.49900100000000003
       -296.89887000 36.40428000 61.81617000 0.0005 1.499001
       -145.02387000 36.40428000 61.81617000 0.9995 1.499001
       
TRITEX -296.89887000 327.02928000 19.62867000 0.9995 1.499001
       -296.89887000 327.02928000 61.81617000 0.9995 -0.49899899999999997
       -145.02387000 327.02928000 19.62867000 0.000499 1.498999
       
TRITEX -145.02387000 327.02928000 19.62867000 0.000499 1.498999
       -296.89887000 327.02928000 61.81617000 0.9995 -0.49899899999999997
       -145.02387000 327.02928000 61.81617000 0.0005 -0.49900100000000003
       
TRITEX -145.02387000 36.40428000 61.81617000 0.9995 -0.49900100000000003
       -296.89887000 36.40428000 61.81617000 0.0005 -0.49899899999999997
       -145.02387000 36.40428000 19.62867000 0.999501 1.498999
       
TRITEX -145.02387000 36.40428000 19.62867000 0.999501 1.498999
       -296.89887000 36.40428000 61.81617000 0.0005 -0.49899899999999997
       -296.89887000 36.40428000 19.62867000 0.0005 1.499001
       
TRITEX -145.02387000 327.02928000 61.81617000 0.000499 -0.49900100000000003
       -145.02387000 36.40428000 61.81617000 0.000499 1.499001
       -145.02387000 327.02928000 19.62867000 0.999499 -0.49900100000000003
       
TRITEX -145.02387000 327.02928000 19.62867000 0.999499 -0.49900100000000003
       -145.02387000 36.40428000 61.81617000 0.000499 1.499001
       -145.02387000 36.40428000 19.62867000 0.999499 1.499001
       
TRITEX -296.89887000 36.40428000 19.62867000 0.0005 1.499001
       -296.89887000 36.40428000 61.81617000 0.9995 1.499001
       -296.89887000 327.02928000 19.62867000 0.0005 -0.49900100000000003
       
TRITEX -296.89887000 327.02928000 19.62867000 0.0005 -0.49900100000000003
       -296.89887000 36.40428000 61.81617000 0.9995 1.499001
       -296.89887000 327.02928000 61.81617000 0.9995 -0.49900100000000003
       
TRITEX -250.96137000 36.40428000 295.25367000 -0.499001 1.499001
       -250.96137000 36.40428000 52.44117000 1.499001 1.499001
       -250.96137000 327.02928000 295.25367000 -0.499001 -0.49900100000000003
       
TRITEX -250.96137000 327.02928000 295.25367000 -0.499001 -0.49900100000000003
       -250.96137000 36.40428000 52.44117000 1.499001 1.499001
       -250.96137000 327.02928000 52.44117000 1.499001 -0.49900100000000003
       
TRITEX -296.89887000 327.02928000 52.44117000 -0.499001 -0.49900100000000003
       -296.89887000 36.40428000 52.44117000 -0.499001 1.499001
       -296.89887000 327.02928000 295.25367000 1.499001 -0.49900100000000003
       
TRITEX -296.89887000 327.02928000 295.25367000 1.499001 -0.49900100000000003
       -296.89887000 36.40428000 52.44117000 -0.499001 1.499001
       -296.89887000 36.40428000 295.25367000 1.499001 1.499001
       
TRITEX -250.96137000 327.02928000 52.44117000 -0.499001 1.499001
       -296.89887000 327.02928000 52.44117000 1.498998 1.499001
       -250.96137000 327.02928000 295.25367000 -0.498999 -0.49900100000000003
       
TRITEX -250.96137000 327.02928000 295.25367000 -0.498999 -0.49900100000000003
       -296.89887000 327.02928000 52.44117000 1.498998 1.499001
       -296.89887000 327.02928000 295.25367000 1.499001 -0.49900100000000003
       
TRITEX -296.89887000 36.40428000 295.25367000 -0.499001 -0.49900100000000003
       -296.89887000 36.40428000 52.44117000 -0.498998 1.499001
       -250.96137000 36.40428000 295.25367000 1.498999 -0.49900100000000003
       
TRITEX -250.96137000 36.40428000 295.25367000 1.498999 -0.49900100000000003
       -296.89887000 36.40428000 52.44117000 -0.498998 1.499001
       -250.96137000 36.40428000 52.44117000 1.499001 1.499001
       
TRITEX -296.89887000 327.02928000 295.25367000 -0.499001 -0.49900100000000003
       -296.89887000 36.40428000 295.25367000 -0.499001 1.499001
       -250.96137000 327.02928000 295.25367000 1.498999 -0.49900100000000003
       
TRITEX -250.96137000 327.02928000 295.25367000 1.498999 -0.49900100000000003
       -296.89887000 36.40428000 295.25367000 -0.499001 1.499001
       -250.96137000 36.40428000 295.25367000 1.498999 1.499001
       
TRITEX -250.96137000 36.40428000 52.44117000 -0.499001 1.499001
       -296.89887000 36.40428000 52.44117000 1.498998 1.499001
       -250.96137000 327.02928000 52.44117000 -0.499001 -0.49900100000000003
       
TRITEX -250.96137000 327.02928000 52.44117000 -0.499001 -0.49900100000000003
       -296.89887000 36.40428000 52.44117000 1.498998 1.499001
       -296.89887000 327.02928000 52.44117000 1.498998 -0.49900100000000003
       
TRITEX 293.72613000 36.40428000 293.37867000 -0.499001 1.499001
       -296.89887000 36.40428000 293.37867000 1.499001 1.499001
       293.72613000 327.02928000 293.37867000 -0.499001 -0.49900100000000003
       
TRITEX 293.72613000 327.02928000 293.37867000 -0.499001 -0.49900100000000003
       -296.89887000 36.40428000 293.37867000 1.499001 1.499001
       -296.89887000 327.02928000 293.37867000 1.499001 -0.49900100000000003
       
TRITEX -296.89887000 327.02928000 339.31617000 -0.499001 -0.49900100000000003
       -296.89887000 36.40428000 339.31617000 -0.499001 1.499001
       293.72613000 327.02928000 339.31617000 1.499001 -0.49900100000000003
       
TRITEX 293.72613000 327.02928000 339.31617000 1.499001 -0.49900100000000003
       -296.89887000 36.40428000 339.31617000 -0.499001 1.499001
       293.72613000 36.40428000 339.31617000 1.499001 1.499001
       
TRITEX -296.89887000 327.02928000 293.37867000 1.499001 1.499002
       -296.89887000 327.02928000 339.31617000 1.499001 -0.49899399999999994
       293.72613000 327.02928000 293.37867000 -0.499001 1.498996
       
TRITEX 293.72613000 327.02928000 293.37867000 -0.499001 1.498996
       -296.89887000 327.02928000 339.31617000 1.499001 -0.49899399999999994
       293.72613000 327.02928000 339.31617000 -0.499001 -0.4990000000000001
       
TRITEX 293.72613000 36.40428000 339.31617000 1.499001 -0.4990000000000001
       -296.89887000 36.40428000 339.31617000 -0.499001 -0.49899399999999994
       293.72613000 36.40428000 293.37867000 1.499001 1.498996
       
TRITEX 293.72613000 36.40428000 293.37867000 1.499001 1.498996
       -296.89887000 36.40428000 339.31617000 -0.499001 -0.49899399999999994
       -296.89887000 36.40428000 293.37867000 -0.499001 1.499002
       
TRITEX 293.72613000 327.02928000 339.31617000 -0.499 -0.49900100000000003
       293.72613000 36.40428000 339.31617000 -0.499 1.499001
       293.72613000 327.02928000 293.37867000 1.498996 -0.49900100000000003
       
TRITEX 293.72613000 327.02928000 293.37867000 1.498996 -0.49900100000000003
       293.72613000 36.40428000 339.31617000 -0.499 1.499001
       293.72613000 36.40428000 293.37867000 1.498996 1.499001
       
TRITEX -296.89887000 36.40428000 293.37867000 -0.499002 1.499001
       -296.89887000 36.40428000 339.31617000 1.498994 1.499001
       -296.89887000 327.02928000 293.37867000 -0.499002 -0.49900100000000003
       
TRITEX -296.89887000 327.02928000 293.37867000 -0.499002 -0.49900100000000003
       -296.89887000 36.40428000 339.31617000 1.498994 1.499001
       -296.89887000 327.02928000 339.31617000 1.498994 -0.49900100000000003
       
TRITEX 246.85113000 36.40428000 35.56617000 -0.499001 1.499001
       246.85113000 36.40428000 295.25367000 1.499001 1.499001
       246.85113000 327.02928000 35.56617000 -0.499001 -0.49900100000000003
       
TRITEX 246.85113000 327.02928000 35.56617000 -0.499001 -0.49900100000000003
       246.85113000 36.40428000 295.25367000 1.499001 1.499001
       246.85113000 327.02928000 295.25367000 1.499001 -0.49900100000000003
       
TRITEX 292.78863000 327.02928000 295.25367000 -0.499001 -0.49900100000000003
       292.78863000 36.40428000 295.25367000 -0.499001 1.499001
       292.78863000 327.02928000 35.56617000 1.499001 -0.49900100000000003
       
TRITEX 292.78863000 327.02928000 35.56617000 1.499001 -0.49900100000000003
       292.78863000 36.40428000 295.25367000 -0.499001 1.499001
       292.78863000 36.40428000 35.56617000 1.499001 1.499001
       
TRITEX 246.85113000 327.02928000 295.25367000 1.499001 -0.49900100000000003
       292.78863000 327.02928000 295.25367000 -0.498998 -0.49900100000000003
       246.85113000 327.02928000 35.56617000 1.498998 1.499001
       
TRITEX 246.85113000 327.02928000 35.56617000 1.498998 1.499001
       292.78863000 327.02928000 295.25367000 -0.498998 -0.49900100000000003
       292.78863000 327.02928000 35.56617000 -0.499001 1.499001
       
TRITEX 292.78863000 36.40428000 35.56617000 1.499001 1.499001
       292.78863000 36.40428000 295.25367000 1.498998 -0.49900100000000003
       246.85113000 36.40428000 35.56617000 -0.498998 1.499001
       
TRITEX 246.85113000 36.40428000 35.56617000 -0.498998 1.499001
       292.78863000 36.40428000 295.25367000 1.498998 -0.49900100000000003
       246.85113000 36.40428000 295.25367000 -0.499001 -0.49900100000000003
       
TRITEX 292.78863000 327.02928000 35.56617000 -0.499001 -0.49900100000000003
       292.78863000 36.40428000 35.56617000 -0.499001 1.499001
       246.85113000 327.02928000 35.56617000 1.498998 -0.49900100000000003
       
TRITEX 246.85113000 327.02928000 35.56617000 1.498998 -0.49900100000000003
       292.78863000 36.40428000 35.56617000 -0.499001 1.499001
       246.85113000 36.40428000 35.56617000 1.498998 1.499001
       
TRITEX 246.85113000 36.40428000 295.25367000 -0.499001 1.499001
       292.78863000 36.40428000 295.25367000 1.498998 1.499001
       246.85113000 327.02928000 295.25367000 -0.499001 -0.49900100000000003
       
TRITEX 246.85113000 327.02928000 295.25367000 -0.499001 -0.49900100000000003
       292.78863000 36.40428000 295.25367000 1.498998 1.499001
       292.78863000 327.02928000 295.25367000 1.498998 -0.49900100000000003
       
TRITEX 293.72613000 36.40428000 19.62867000 0.000499 1.499001
       141.85113000 36.40428000 19.62867000 0.9995 1.499001
       293.72613000 327.02928000 19.62867000 0.000499 -0.49900100000000003
       
TRITEX 293.72613000 327.02928000 19.62867000 0.000499 -0.49900100000000003
       141.85113000 36.40428000 19.62867000 0.9995 1.499001
       141.85113000 327.02928000 19.62867000 0.9995 -0.49900100000000003
       
TRITEX 141.85113000 327.02928000 61.81617000 0.0005 -0.49900100000000003
       141.85113000 36.40428000 61.81617000 0.0005 1.499001
       293.72613000 327.02928000 61.81617000 0.9995 -0.49900100000000003
       
TRITEX 293.72613000 327.02928000 61.81617000 0.9995 -0.49900100000000003
       141.85113000 36.40428000 61.81617000 0.0005 1.499001
       293.72613000 36.40428000 61.81617000 0.9995 1.499001
       
TRITEX 141.85113000 327.02928000 19.62867000 0.9995 1.499001
       141.85113000 327.02928000 61.81617000 0.9995 -0.49899899999999997
       293.72613000 327.02928000 19.62867000 0.000499 1.499
       
TRITEX 293.72613000 327.02928000 19.62867000 0.000499 1.499
       141.85113000 327.02928000 61.81617000 0.9995 -0.49899899999999997
       293.72613000 327.02928000 61.81617000 0.0005 -0.4990000000000001
       
TRITEX 293.72613000 36.40428000 61.81617000 0.9995 -0.4990000000000001
       141.85113000 36.40428000 61.81617000 0.0005 -0.49899899999999997
       293.72613000 36.40428000 19.62867000 0.999501 1.499
       
TRITEX 293.72613000 36.40428000 19.62867000 0.999501 1.499
       141.85113000 36.40428000 61.81617000 0.0005 -0.49899899999999997
       141.85113000 36.40428000 19.62867000 0.0005 1.499001
       
TRITEX 293.72613000 327.02928000 61.81617000 0.0005 -0.49900100000000003
       293.72613000 36.40428000 61.81617000 0.0005 1.499001
       293.72613000 327.02928000 19.62867000 0.9995 -0.49900100000000003
       
TRITEX 293.72613000 327.02928000 19.62867000 0.9995 -0.49900100000000003
       293.72613000 36.40428000 61.81617000 0.0005 1.499001
       293.72613000 36.40428000 19.62867000 0.9995 1.499001
       
TRITEX 141.85113000 36.40428000 19.62867000 0.000499 1.499001
       141.85113000 36.40428000 61.81617000 0.999499 1.499001
       141.85113000 327.02928000 19.62867000 0.000499 -0.49900100000000003
       
TRITEX 141.85113000 327.02928000 19.62867000 0.000499 -0.49900100000000003
       141.85113000 36.40428000 61.81617000 0.999499 1.499001
       141.85113000 327.02928000 61.81617000 0.999499 -0.49900100000000003
       
       
TRITEX 272.56035000 302.87871000 -337.75785000 1.499001 1.499001
       -275.73312000 302.87871000 322.64019000 -0.499001 -0.49900100000000003
       -275.73312000 302.87871000 -337.75785000 -0.499 1.499001
       
TRITEX 272.56035000 302.87871000 322.64019000 1.499 -0.49900100000000003
       -275.73312000 302.87871000 322.64019000 -0.499001 -0.49900100000000003
       272.56035000 302.87871000 -337.75785000 1.499001 1.499001
       
       

TEXTURE corridor09
TRITEX 219.51363000 37.34178000 299.00367000 2.997503 0.0005009999999999737
       219.51363000 37.34178000 59.94117000 -1.997502 0.0004999999999999449
       250.60113000 37.34178000 299.00367000 2.997503 0.9995
       
TRITEX 250.60113000 37.34178000 299.00367000 2.997503 0.9995
       219.51363000 37.34178000 59.94117000 -1.997502 0.0004999999999999449
       250.60113000 37.34178000 59.94117000 -1.997502 0.999499
       
TRITEX 250.60113000 81.40428000 59.94117000 2.997502 0.603032
       231.85113000 81.40428000 59.94117000 2.997502 0.0004990000000000272
       250.60113000 81.40428000 299.00367000 -1.997503 0.6030340000000001
       
TRITEX 250.60113000 81.40428000 299.00367000 -1.997503 0.6030340000000001
       231.85113000 81.40428000 59.94117000 2.997502 0.0004990000000000272
       231.85113000 81.40428000 299.00367000 -1.997503 0.0005009999999999737
       
TRITEX 250.60113000 37.34178000 59.94117000 2.997503 0.834703
       250.60113000 81.40428000 59.94117000 2.997502 0.0004999999999999449
       250.60113000 37.34178000 299.00367000 -1.997502 0.834704
       
TRITEX 250.60113000 37.34178000 299.00367000 -1.997502 0.834704
       250.60113000 81.40428000 59.94117000 2.997502 0.0004999999999999449
       250.60113000 81.40428000 299.00367000 -1.997503 0.0005009999999999737
       
TRITEX 231.85113000 81.40428000 299.00367000 2.997503 0.09989499999999996
       231.85113000 81.40428000 59.94117000 -1.997502 0.09989400000000004
       219.51363000 37.34178000 299.00367000 2.997503 0.9995
       
TRITEX 219.51363000 37.34178000 299.00367000 2.997503 0.9995
       231.85113000 81.40428000 59.94117000 -1.997502 0.09989400000000004
       219.51363000 37.34178000 59.94117000 -1.997502 0.999499
       
TRITEX 250.60113000 81.40428000 299.00367000 2.997497 0.6030340000000001
       231.85113000 81.40428000 299.00367000 2.500525 0.0005009999999999737
       250.60113000 37.34178000 299.00367000 -1.173521 0.9995
       
TRITEX 250.60113000 37.34178000 299.00367000 -1.173521 0.9995
       231.85113000 81.40428000 299.00367000 2.500525 0.0005009999999999737
       219.51363000 37.34178000 299.00367000 -1.997501 0.0005009999999999737
       
TRITEX 219.51363000 37.34178000 59.94117000 2.997497 0.0004999999999999449
       231.85113000 81.40428000 59.94117000 -1.500529 0.0004990000000000272
       250.60113000 37.34178000 59.94117000 2.173517 0.999499
       
TRITEX 250.60113000 37.34178000 59.94117000 2.173517 0.999499
       231.85113000 81.40428000 59.94117000 -1.500529 0.0004990000000000272
       250.60113000 81.40428000 59.94117000 -1.997501 0.603032
       

TEXTURE corridor01
TRITEX -253.77387000 6.40428000 296.19117000 0.9995 0.999501
       -253.77387000 37.34178000 296.19117000 0.9995 0.0004990000000000272
       -253.77387000 6.40428000 -311.30883000 0.0005 0.999501
       
TRITEX 250.60113000 6.40428000 -311.30883000 0.9995 0.999501
       250.60113000 37.34178000 296.19117000 0.0005 0.0004990000000000272
       250.60113000 6.40428000 296.19117000 0.0005 0.999501
       
TRITEX 250.60113000 37.34178000 -311.30883000 0.9995 0.0004990000000000272
       250.60113000 37.34178000 296.19117000 0.0005 0.0004990000000000272
       250.60113000 6.40428000 -311.30883000 0.9995 0.999501
       
TRITEX 250.60113000 6.40428000 296.19117000 0.9995 0.999501
       -253.77387000 37.34178000 296.19117000 0.0005 0.0004990000000000272
       -253.77387000 6.40428000 296.19117000 0.0005 0.999501
       
TRITEX 250.60113000 37.34178000 296.19117000 0.9995 0.0004990000000000272
       -253.77387000 37.34178000 296.19117000 0.0005 0.0004990000000000272
       250.60113000 6.40428000 296.19117000 0.9995 0.999501
       
TRITEX 250.60113000 6.40428000 -311.30883000 0.0005 0.999501
       -253.77387000 37.34178000 -311.30883000 0.9995 0.0004990000000000272
       250.60113000 37.34178000 -311.30883000 0.0005 0.0004990000000000272
       
TRITEX -253.77387000 6.40428000 -311.30883000 0.9995 0.999501
       -253.77387000 37.34178000 -311.30883000 0.9995 0.0004990000000000272
       250.60113000 6.40428000 -311.30883000 0.0005 0.999501
       
TRITEX 250.60113000 37.34178000 -311.30883000 0.0005 0.9995
       -253.77387000 37.34178000 296.19117000 0.9995 0.0004999999999999449
       250.60113000 37.34178000 296.19117000 0.0005 0.0004990000000000272
       
TRITEX -253.77387000 37.34178000 -311.30883000 0.9995 0.999501
       -253.77387000 37.34178000 296.19117000 0.9995 0.0004999999999999449
       250.60113000 37.34178000 -311.30883000 0.0005 0.9995
       
TRITEX 250.60113000 6.40428000 -311.30883000 0.9995 0.9995
       -253.77387000 6.40428000 296.19117000 0.0005 0.0004999999999999449
       -253.77387000 6.40428000 -311.30883000 0.0005 0.999501
       
TRITEX 250.60113000 6.40428000 296.19117000 0.9995 0.0004990000000000272
       -253.77387000 6.40428000 296.19117000 0.0005 0.0004999999999999449
       250.60113000 6.40428000 -311.30883000 0.9995 0.9995
       
TRITEX -253.77387000 6.40428000 -311.30883000 0.0005 0.999501
       -253.77387000 37.34178000 296.19117000 0.9995 0.0004990000000000272
       -253.77387000 37.34178000 -311.30883000 0.0005 0.0004990000000000272
       

OBJECT 193 ROOM05


TEXTURE corridor04
       
TRITEX 432.63867000 312.31893000 -803.10219000 2.498002 5.495002
       -371.87043000 312.31893000 716.83983000 -1.498002 -4.495003
       -371.87043000 312.31893000 -803.10219000 -1.498001 5.495005
       
TRITEX 432.63867000 312.31893000 716.83983000 2.498001 -4.495005
       -371.87043000 312.31893000 716.83983000 -1.498002 -4.495003
       432.63867000 312.31893000 -803.10219000 2.498002 5.495002
       
       

TEXTURE corridor08
TRITEX -403.25718000 353.75859000 586.48635000 -1.997502 0.0004990000000000272
       470.16600000 209.67546000 730.56966000 2.997502 0.999501
       -403.25718000 209.67549000 730.56942000 -1.997502 0.999499
       
TRITEX -392.42247000 65.41230000 -761.84436000 1.494149 0.999501
       -504.99207000 65.41230000 839.40558000 -3.496004 0.0004990000000000272
       -504.99207000 65.41230000 -761.84436000 -3.495987 0.999501
       
TRITEX 470.16606000 75.32094000 -643.41264000 2.997503 0.9995
       -403.25706000 261.31629000 -593.81391000 -1.997502 0.0004999999999999449
       -403.25706000 75.32103000 -643.41270000 -1.997502 0.9995
       
TRITEX 470.16606000 261.31623000 -593.81394000 2.997503 0.0004999999999999449
       -403.25706000 261.31629000 -593.81391000 -1.997502 0.0004999999999999449
       470.16606000 75.32094000 -643.41264000 2.997503 0.9995
       
TRITEX -392.42247000 65.41230000 839.40558000 1.494132 0.0004990000000000272
       -504.99207000 65.41230000 839.40558000 -3.496004 0.0004990000000000272
       -392.42247000 65.41230000 -761.84436000 1.494149 0.999501
       
TRITEX 412.75329000 351.07434000 770.96808000 -1.997503 0.871009
       450.90531000 75.77928000 770.96808000 2.841544 0.0005009999999999737
       487.15737000 75.77928000 770.96808000 2.997499 0.9995
       
TRITEX 412.75329000 351.07434000 770.96808000 -1.997503 0.871009
       383.18820000 343.08378000 770.96808000 -1.988999 0.0004999999999999449
       450.90531000 75.77928000 770.96808000 2.841544 0.0005009999999999737
       
TRITEX 412.75329000 351.07434000 -346.21689000 2.997502 0.0004999999999999449
       450.90531000 75.77928000 -237.64980000 2.512092 0.96831
       383.18820000 343.08378000 -343.06566000 2.983413 0.0022010000000000085
       
TRITEX 412.75329000 351.07434000 -346.21689000 2.997502 0.0004999999999999449
       487.15737000 75.77928000 -237.64980000 2.512092 0.999501
       450.90531000 75.77928000 -237.64980000 2.512092 0.96831
       
TRITEX 412.75329000 351.07434000 770.96808000 2.997502 0.0004990000000000272
       487.15737000 75.77928000 -237.64980000 -1.512092 0.999501
       412.75329000 351.07434000 -346.21689000 -1.997502 0.0004999999999999449
       
TRITEX -403.25715000 76.25856000 713.95065000 2.997502 0.09456799999999999
       -403.25715000 76.25856000 837.58347000 2.997502 0.9995
       467.35353000 76.25853000 837.58347000 -1.997502 0.999499
       
TRITEX -403.25715000 76.25856000 713.95065000 2.997502 0.09456799999999999
       467.35353000 76.25853000 837.58347000 -1.997502 0.999499
       467.35356000 76.25853000 713.95065000 -1.997502 0.09456699999999996
       
TRITEX 412.75329000 351.07434000 770.96808000 2.997502 0.0004990000000000272
       487.15737000 75.77928000 770.96808000 2.997502 0.9995
       487.15737000 75.77928000 -237.64980000 -1.512092 0.999501
       
TRITEX 383.18820000 343.08378000 770.96808000 -1.997502 0.0021999999999999797
       450.90531000 75.77928000 -237.64980000 2.512092 0.96831
       450.90531000 75.77928000 770.96808000 -1.997502 0.968309
       
TRITEX 383.18820000 343.08378000 770.96808000 -1.997502 0.0021999999999999797
       383.18820000 343.08378000 -343.06566000 2.983413 0.0022010000000000085
       450.90531000 75.77928000 -237.64980000 2.512092 0.96831
       
TRITEX 412.75329000 351.07434000 770.96808000 2.997502 0.871009
       383.18820000 343.08378000 -343.06566000 -1.983413 0.0004990000000000272
       383.18820000 343.08378000 770.96808000 2.997502 0.0004999999999999449
       
TRITEX 412.75329000 351.07434000 770.96808000 2.997502 0.871009
       412.75329000 351.07434000 -346.21689000 -1.997502 0.871009
       383.18820000 343.08378000 -343.06566000 -1.983413 0.0004990000000000272
       
TRITEX -324.70533000 343.08378000 -761.84436000 -3.496003 0.999501
       -425.39280000 370.29660000 839.40558000 0.967422 0.0004990000000000272
       -324.70533000 343.08378000 839.40558000 -3.495986 0.0004990000000000272
       
TRITEX -324.70533000 343.08378000 -761.84436000 4.496004 0.09234900000000001
       -324.70533000 343.08378000 839.40558000 -3.496004 0.09234900000000001
       -392.42247000 65.41230000 -761.84436000 4.496004 0.999501
       
TRITEX 487.15737000 75.77928000 770.96808000 -1.997502 0.9995
       450.90531000 75.77928000 -237.64980000 2.512092 0.96831
       487.15737000 75.77928000 -237.64980000 2.512092 0.999501
       
TRITEX 487.15737000 75.77928000 770.96808000 -1.997502 0.9995
       450.90531000 75.77928000 770.96808000 -1.997502 0.968309
       450.90531000 75.77928000 -237.64980000 2.512092 0.96831
       
TRITEX -392.42247000 65.41230000 -761.84436000 4.496004 0.999501
       -324.70533000 343.08378000 839.40558000 -3.496004 0.09234900000000001
       -392.42247000 65.41230000 839.40558000 -3.496004 0.999501
       
TRITEX -504.99207000 65.41230000 839.40558000 4.496004 0.999501
       -425.39280000 370.29660000 839.40558000 4.496004 0.0004999999999999449
       -504.99207000 65.41230000 -761.84436000 -3.496004 0.999501
       
TRITEX -504.99207000 65.41230000 -761.84436000 -3.496004 0.999501
       -425.39280000 370.29660000 839.40558000 4.496004 0.0004999999999999449
       -425.39280000 370.29660000 -761.84436000 -3.496004 0.0004999999999999449
       
TRITEX -504.99207000 65.41230000 -761.84436000 4.495987 0.999501
       -425.39280000 370.29660000 -761.84436000 0.967405 0.0004999999999999449
       -392.42247000 65.41230000 -761.84436000 -0.494148 0.999501
       
TRITEX -392.42247000 65.41230000 -761.84436000 -0.494148 0.999501
       -425.39280000 370.29660000 -761.84436000 0.967405 0.0004999999999999449
       -324.70533000 343.08378000 -761.84436000 -3.496003 0.09234900000000001
       
TRITEX -324.70533000 343.08378000 839.40558000 4.495986 0.09234900000000001
       -425.39280000 370.29660000 839.40558000 0.032578 0.0004999999999999449
       -392.42247000 65.41230000 839.40558000 1.494132 0.999501
       
TRITEX -392.42247000 65.41230000 839.40558000 1.494132 0.999501
       -425.39280000 370.29660000 839.40558000 0.032578 0.0004999999999999449
       -504.99207000 65.41230000 839.40558000 -3.496004 0.999501
       
TRITEX -403.25706000 76.25853000 -755.47515000 2.997502 0.9995
       -403.25706000 76.25853000 -631.84239000 2.997502 0.09456799999999999
       467.35359000 76.25847000 -755.47515000 -1.997502 0.999499
       
TRITEX 467.35359000 76.25847000 -755.47515000 -1.997502 0.999499
       -403.25706000 76.25853000 -631.84239000 2.997502 0.09456799999999999
       467.35359000 76.25847000 -631.84233000 -1.997502 0.09456699999999996
       
TRITEX -403.25715000 261.31632000 675.92217000 -1.997502 0.0004999999999999449
       470.16603000 261.31632000 675.92229000 2.997503 0.0004999999999999449
       470.16603000 75.32103000 725.52096000 2.997503 0.9995
       
TRITEX 470.16606000 209.67540000 -616.33569000 2.997502 0.999501
       -403.25712000 334.92120000 -496.05390000 -1.997502 0.0004990000000000272
       -403.25709000 209.67543000 -616.33554000 -1.997502 0.999499
       
TRITEX -425.39280000 370.29660000 -761.84436000 0.967405 0.999501
       -425.39280000 370.29660000 839.40558000 0.967422 0.0004990000000000272
       -324.70533000 343.08378000 -761.84436000 -3.496003 0.999501
       
TRITEX -403.25718000 353.75859000 586.48635000 -1.997502 0.0004990000000000272
       470.16603000 353.75856000 586.48635000 2.997502 0.0005009999999999737
       470.16600000 209.67546000 730.56966000 2.997502 0.999501
       
TRITEX -403.25715000 261.31632000 675.92217000 -1.997502 0.0004999999999999449
       470.16603000 75.32103000 725.52096000 2.997503 0.9995
       -403.25715000 75.32106000 725.52096000 -1.997502 0.9995
       
TRITEX 470.16609000 334.92111000 -496.05384000 2.997502 0.0005009999999999737
       -403.25712000 334.92120000 -496.05390000 -1.997502 0.0004990000000000272
       470.16606000 209.67540000 -616.33569000 2.997502 0.999501
       

TEXTURE corridor09
TRITEX 472.00533000 76.71678000 757.84308000 12.98751 0.0004999999999999449
       472.00533000 32.65428000 757.84308000 12.98751 0.771756
       472.00533000 32.65428000 -254.65686000 -11.987512 0.7717579999999999
       
TRITEX 440.24751000 76.71678000 757.84308000 12.98751 0.0004999999999999449
       472.00533000 76.71678000 -254.65686000 -11.987512 0.711697
       440.24751000 76.71678000 -254.65686000 -11.987512 0.0005009999999999737
       
TRITEX -403.25715000 76.25856000 713.95065000 -6.542956 0.0004990000000000272
       467.35356000 32.19603000 701.09916000 7.542956 0.999501
       -403.25715000 32.19606000 701.09904000 -6.542956 0.999501
       
TRITEX -505.39743000 75.25341000 -766.53186000 12.987448 0.9995
       -381.76467000 75.25341000 757.84308000 -9.635768 0.0004999999999999449
       -381.76467000 75.25341000 -766.53186000 -9.635834 0.9995
       
TRITEX -505.39743000 75.25341000 757.84308000 12.987513 0.0004999999999999449
       -381.76467000 75.25341000 757.84308000 -9.635768 0.0004999999999999449
       -505.39743000 75.25341000 -766.53186000 12.987448 0.9995
       
TRITEX -505.39743000 34.24851000 -766.53186000 -11.987448 0.9995
       -368.91309000 34.24851000 757.84308000 12.987448 0.0004999999999999449
       -505.39743000 34.24851000 757.84308000 -11.987514 0.0004999999999999449
       
TRITEX -505.39743000 34.24851000 757.84308000 12.987512 0.9995
       -505.39743000 75.25341000 757.84308000 12.987512 0.0004990000000000272
       -505.39743000 34.24851000 -766.53186000 -11.987512 0.9995
       
TRITEX -505.39743000 34.24851000 -766.53186000 -11.987512 0.9995
       -505.39743000 75.25341000 757.84308000 12.987512 0.0004990000000000272
       -505.39743000 75.25341000 -766.53186000 -11.987512 0.0004990000000000272
       
TRITEX -368.91309000 34.24851000 -766.53186000 12.987513 0.9995
       -368.91309000 34.24851000 757.84308000 12.987448 0.0004999999999999449
       -505.39743000 34.24851000 -766.53186000 -11.987448 0.9995
       
TRITEX 440.24751000 76.71678000 757.84308000 -7.934209 0.0004999999999999449
       472.00533000 32.65428000 757.84308000 7.29389 0.9995
       472.00533000 76.71678000 757.84308000 -11.987488 0.711697
       
TRITEX 467.35359000 76.25847000 -631.84233000 7.542956 0.0004990000000000272
       -403.25706000 76.25853000 -631.84239000 -6.542956 0.0004990000000000272
       467.35359000 32.19597000 -618.99078000 7.542956 0.999501
       
TRITEX 467.35359000 32.19597000 -618.99078000 7.542956 0.999501
       -403.25706000 76.25853000 -631.84239000 -6.542956 0.0004990000000000272
       -403.25706000 32.19603000 -618.99078000 -6.542956 0.999501
       
TRITEX 440.24751000 76.71678000 757.84308000 -7.934209 0.0004999999999999449
       427.39593000 32.65428000 757.84308000 12.987427 0.0004999999999999449
       472.00533000 32.65428000 757.84308000 7.29389 0.9995
       
TRITEX 440.24751000 76.71678000 -254.65686000 8.934144 0.0005009999999999737
       472.00533000 32.65428000 -254.65686000 -6.293956 0.9995
       427.39593000 32.65428000 -254.65686000 -11.987493 0.0004999999999999449
       
TRITEX 440.24751000 76.71678000 -254.65686000 8.934144 0.0005009999999999737
       472.00533000 76.71678000 -254.65686000 12.987423 0.711697
       472.00533000 32.65428000 -254.65686000 -6.293956 0.9995
       
TRITEX 472.00533000 76.71678000 757.84308000 12.98751 0.0004999999999999449
       472.00533000 32.65428000 -254.65686000 -11.987512 0.7717579999999999
       472.00533000 76.71678000 -254.65686000 -11.987512 0.0005030000000000312
       
TRITEX -381.76467000 75.25341000 -766.53186000 12.987512 0.0004990000000000272
       -381.76467000 75.25341000 757.84308000 -11.987512 0.0004990000000000272
       -368.91309000 34.24851000 -766.53186000 12.987512 0.9995
       
TRITEX -368.91309000 34.24851000 -766.53186000 12.987512 0.9995
       -381.76467000 75.25341000 757.84308000 -11.987512 0.0004990000000000272
       -368.91309000 34.24851000 757.84308000 -11.987512 0.9995
       
TRITEX -505.39743000 75.25341000 -766.53186000 12.987448 0.0004990000000000272
       -381.76467000 75.25341000 -766.53186000 -9.635834 0.0004990000000000272
       -505.39743000 34.24851000 -766.53186000 12.987448 0.9995
       
TRITEX -505.39743000 34.24851000 -766.53186000 12.987448 0.9995
       -381.76467000 75.25341000 -766.53186000 -9.635834 0.0004990000000000272
       -368.91309000 34.24851000 -766.53186000 -11.987514 0.9995
       
TRITEX -368.91309000 34.24851000 757.84308000 12.987448 0.9995
       -381.76467000 75.25341000 757.84308000 10.635767 0.0004990000000000272
       -505.39743000 34.24851000 757.84308000 -11.987514 0.9995
       
TRITEX 440.24751000 76.71678000 757.84308000 12.98751 0.0004999999999999449
       472.00533000 76.71678000 757.84308000 12.98751 0.711697
       472.00533000 76.71678000 -254.65686000 -11.987512 0.711697
       
TRITEX 440.24751000 76.71678000 757.84308000 -11.987511 0.162632
       440.24751000 76.71678000 -254.65686000 12.987512 0.16263399999999995
       427.39593000 32.65428000 -254.65686000 12.987512 0.9995
       
TRITEX -403.25715000 76.25856000 713.95065000 -6.542956 0.0004990000000000272
       467.35356000 76.25853000 713.95065000 7.542956 0.0004990000000000272
       467.35356000 32.19603000 701.09916000 7.542956 0.999501
       
TRITEX -505.39743000 34.24851000 757.84308000 -11.987514 0.9995
       -381.76467000 75.25341000 757.84308000 10.635767 0.0004990000000000272
       -505.39743000 75.25341000 757.84308000 -11.987514 0.0004990000000000272
       
TRITEX 427.39593000 32.65428000 757.84308000 -11.987511 0.0004999999999999449
       427.39593000 32.65428000 -254.65686000 12.987512 0.0004999999999999449
       472.00533000 32.65428000 -254.65686000 12.987512 0.9995
       
TRITEX 427.39593000 32.65428000 757.84308000 -11.987511 0.0004999999999999449
       472.00533000 32.65428000 -254.65686000 12.987512 0.9995
       472.00533000 32.65428000 757.84308000 -11.987511 0.9995
       
TRITEX 440.24751000 76.71678000 757.84308000 -11.987511 0.162632
       427.39593000 32.65428000 -254.65686000 12.987512 0.9995
       427.39593000 32.65428000 757.84308000 -11.987511 0.999497
       

TEXTURE entrance_uni2
TRITEX 380.19171000 208.45500000 -212.56053000 1.0 0.0
       500.19174000 92.51370000 -181.61514000 0.0 1.0
       500.19174000 208.45500000 -212.56053000 0.0 0.0
       
TRITEX 380.19171000 208.45500000 -212.56053000 1.0 0.0
       380.19171000 92.51370000 -181.61514000 1.0 1.0
       500.19174000 92.51370000 -181.61514000 0.0 1.0
       
TRITEX 500.19174000 208.45500000 -212.56053000 1.0 0.0
       500.19174000 61.56831000 -297.55644000 0.0 1.0
       500.19174000 177.50958000 -328.50183000 0.0 0.0
       
TRITEX 500.19174000 208.45500000 -212.56053000 1.0 0.0
       500.19174000 92.51370000 -181.61514000 1.0 1.0
       500.19174000 61.56831000 -297.55644000 0.0 1.0
       
TRITEX 380.19171000 92.51370000 -181.61514000 0.0 1.0
       380.19171000 177.50958000 -328.50183000 1.0 0.0
       380.19171000 61.56831000 -297.55644000 1.0 1.0
       
TRITEX 380.19171000 92.51370000 -181.61514000 0.0 1.0
       380.19171000 208.45500000 -212.56053000 0.0 0.0
       380.19171000 177.50958000 -328.50183000 1.0 0.0
       
TRITEX 500.19174000 177.50958000 -328.50183000 1.0 0.0
       380.19171000 208.45500000 -212.56053000 0.0 1.0
       500.19174000 208.45500000 -212.56053000 0.0 0.0
       
TRITEX 500.19174000 177.50958000 -328.50183000 1.0 0.0
       380.19171000 177.50958000 -328.50183000 1.0 1.0
       380.19171000 208.45500000 -212.56053000 0.0 1.0
       
TRITEX 500.19174000 61.56831000 -297.55644000 0.0 0.0
       380.19171000 92.51370000 -181.61514000 1.0 1.0
       380.19171000 61.56831000 -297.55644000 0.0 1.0
       
TRITEX 500.19174000 61.56831000 -297.55644000 0.0 0.0
       500.19174000 92.51370000 -181.61514000 1.0 0.0
       380.19171000 92.51370000 -181.61514000 1.0 1.0
       
TRITEX 500.19174000 353.87478000 -477.04788000 1.0 0.0
       380.19171000 251.83773000 -413.89371000 0.0 1.0
       500.19174000 251.83773000 -413.89371000 1.0 1.0
       
TRITEX 500.19174000 353.87478000 -477.04788000 1.0 0.0
       380.19171000 353.87478000 -477.04788000 0.0 0.0
       380.19171000 251.83773000 -413.89371000 0.0 1.0
       
TRITEX 380.19171000 188.68356000 -515.93073000 0.0 1.0
       380.19171000 353.87478000 -477.04788000 1.0 0.0
       380.19171000 290.72061000 -579.08490000 0.0 0.0
       
TRITEX 380.19171000 188.68356000 -515.93073000 0.0 1.0
       380.19171000 251.83773000 -413.89371000 1.0 1.0
       380.19171000 353.87478000 -477.04788000 1.0 0.0
       
TRITEX 380.19171000 290.72061000 -272.37195000 1.0 0.0
       500.19174000 188.68356000 -335.52612000 0.0 1.0
       500.19174000 290.72061000 -272.37195000 0.0 0.0
       
TRITEX 380.19171000 290.72061000 -272.37195000 1.0 0.0
       380.19171000 188.68356000 -335.52612000 1.0 1.0
       500.19174000 188.68356000 -335.52612000 0.0 1.0
       
TRITEX 500.19174000 290.72061000 -272.37195000 1.0 0.0
       500.19174000 251.83773000 -437.56317000 0.0 1.0
       500.19174000 353.87478000 -374.40900000 0.0 0.0
       
TRITEX 500.19174000 290.72061000 -272.37195000 1.0 0.0
       500.19174000 188.68356000 -335.52612000 1.0 1.0
       500.19174000 251.83773000 -437.56317000 0.0 1.0
       
TRITEX 500.19174000 353.87478000 -374.40900000 1.0 0.0
       380.19171000 251.83773000 -437.56317000 0.0 1.0
       380.19171000 353.87478000 -374.40897000 0.0 0.0
       
TRITEX 500.19174000 353.87478000 -374.40900000 1.0 0.0
       500.19174000 251.83773000 -437.56317000 1.0 1.0
       380.19171000 251.83773000 -437.56317000 0.0 1.0
       
TRITEX 380.19171000 353.87478000 -374.40897000 1.0 0.0
       380.19171000 188.68356000 -335.52612000 0.0 1.0
       380.19171000 290.72061000 -272.37195000 0.0 0.0
       
TRITEX 380.19171000 353.87478000 -374.40897000 1.0 0.0
       380.19171000 251.83773000 -437.56317000 1.0 1.0
       380.19171000 188.68356000 -335.52612000 0.0 1.0
       
TRITEX 517.22373000 193.04064000 -408.44160000 0.0 0.0
       366.69135000 193.04064000 -450.24639000 1.0 1.0
       517.22373000 193.04064000 -450.24639000 1.0 0.0
       
TRITEX 517.22373000 193.04064000 -408.44160000 0.0 0.0
       366.69135000 193.04064000 -408.44160000 0.0 1.0
       366.69135000 193.04064000 -450.24639000 1.0 1.0
       
TRITEX 500.19174000 353.87478000 -374.40900000 1.0 0.0
       380.19171000 290.72061000 -272.37195000 0.0 1.0
       500.19174000 290.72061000 -272.37195000 0.0 0.0
       
TRITEX 500.19174000 353.87478000 -374.40900000 1.0 0.0
       380.19171000 353.87478000 -374.40897000 1.0 1.0
       380.19171000 290.72061000 -272.37195000 0.0 1.0
       
TRITEX 517.22373000 314.90574000 -367.93080000 1.0 0.0
       366.69135000 314.90574000 -487.64100000 0.0 1.0
       366.69132000 314.90574000 -367.93080000 1.0 1.0
       
TRITEX 517.22373000 314.90574000 -367.93080000 1.0 0.0
       517.22373000 314.90574000 -487.64100000 0.0 0.0
       366.69135000 314.90574000 -487.64100000 0.0 1.0
       
TRITEX 500.19174000 251.83773000 -437.56317000 0.0 0.0
       380.19171000 188.68356000 -335.52612000 1.0 1.0
       380.19171000 251.83773000 -437.56317000 0.0 1.0
       
TRITEX 500.19174000 251.83773000 -437.56317000 0.0 0.0
       500.19174000 188.68356000 -335.52612000 1.0 0.0
       380.19171000 188.68356000 -335.52612000 1.0 1.0
       
TRITEX 380.19171000 290.72061000 -579.08490000 0.0 1.0
       500.19174000 353.87478000 -477.04788000 1.0 0.0
       500.19174000 290.72061000 -579.08490000 0.0 0.0
       
TRITEX 380.19171000 290.72061000 -579.08490000 0.0 1.0
       380.19171000 353.87478000 -477.04788000 1.0 1.0
       500.19174000 353.87478000 -477.04788000 1.0 0.0
       
TRITEX 380.19171000 188.68356000 -515.93073000 1.0 1.0
       500.19174000 251.83773000 -413.89371000 0.0 0.0
       380.19171000 251.83773000 -413.89371000 0.0 1.0
       
TRITEX 380.19171000 188.68356000 -515.93073000 1.0 1.0
       500.19174000 188.68356000 -515.93073000 1.0 0.0
       500.19174000 251.83773000 -413.89371000 0.0 0.0
       
TRITEX 500.19174000 188.68356000 -515.93073000 0.0 1.0
       380.19171000 290.72061000 -579.08490000 1.0 0.0
       500.19174000 290.72061000 -579.08490000 0.0 0.0
       
TRITEX 500.19174000 188.68356000 -515.93073000 0.0 1.0
       380.19171000 188.68356000 -515.93073000 1.0 1.0
       380.19171000 290.72061000 -579.08490000 1.0 0.0
       
TRITEX 500.19174000 251.83773000 -413.89371000 0.0 1.0
       500.19174000 290.72061000 -579.08490000 1.0 0.0
       500.19174000 353.87478000 -477.04788000 0.0 0.0
       
TRITEX 500.19174000 251.83773000 -413.89371000 0.0 1.0
       500.19174000 188.68356000 -515.93073000 1.0 1.0
       500.19174000 290.72061000 -579.08490000 1.0 0.0
       
TRITEX 517.22373000 193.04064000 -450.24639000 0.0 1.0
       366.69135000 314.90574000 -487.64100000 1.0 0.0
       517.22373000 314.90574000 -487.64100000 0.0 0.0
       
TRITEX 517.22373000 193.04064000 -450.24639000 0.0 1.0
       366.69135000 193.04064000 -450.24639000 1.0 1.0
       366.69135000 314.90574000 -487.64100000 1.0 0.0
       
TRITEX 366.69135000 193.04064000 -408.44160000 0.0 1.0
       517.22373000 314.90574000 -367.93080000 1.0 0.0
       366.69132000 314.90574000 -367.93080000 0.0 0.0
       
TRITEX 366.69135000 193.04064000 -408.44160000 0.0 1.0
       517.22373000 193.04064000 -408.44160000 1.0 1.0
       517.22373000 314.90574000 -367.93080000 1.0 0.0
       
TRITEX 500.19174000 92.51370000 -669.84174000 0.0 1.0
       380.19171000 208.45500000 -638.89629000 1.0 0.0
       500.19174000 208.45500000 -638.89635000 0.0 0.0
       
TRITEX 500.19174000 92.51370000 -669.84174000 0.0 1.0
       380.19171000 92.51370000 -669.84174000 1.0 1.0
       380.19171000 208.45500000 -638.89629000 1.0 0.0
       
TRITEX 500.19174000 61.56831000 -553.90044000 0.0 1.0
       500.19174000 208.45500000 -638.89635000 1.0 0.0
       500.19174000 177.50958000 -522.95505000 0.0 0.0
       
TRITEX 500.19174000 61.56831000 -553.90044000 0.0 1.0
       500.19174000 92.51370000 -669.84174000 1.0 1.0
       500.19174000 208.45500000 -638.89635000 1.0 0.0
       
TRITEX 380.19171000 92.51370000 -669.84174000 0.0 1.0
       380.19171000 177.50958000 -522.95499000 1.0 0.0
       380.19171000 208.45500000 -638.89629000 0.0 0.0
       
TRITEX 380.19171000 92.51370000 -669.84174000 0.0 1.0
       380.19171000 61.56831000 -553.90038000 1.0 1.0
       380.19171000 177.50958000 -522.95499000 1.0 0.0
       
TRITEX 380.19171000 208.45500000 -638.89629000 0.0 1.0
       500.19174000 177.50958000 -522.95505000 1.0 0.0
       500.19174000 208.45500000 -638.89635000 0.0 0.0
       
TRITEX 380.19171000 208.45500000 -638.89629000 0.0 1.0
       380.19171000 177.50958000 -522.95499000 1.0 1.0
       500.19174000 177.50958000 -522.95505000 1.0 0.0
       
TRITEX 380.19171000 92.51370000 -669.84174000 1.0 1.0
       500.19174000 61.56831000 -553.90044000 0.0 0.0
       380.19171000 61.56831000 -553.90038000 0.0 1.0
       
TRITEX 380.19171000 92.51370000 -669.84174000 1.0 1.0
       500.19174000 92.51370000 -669.84174000 1.0 0.0
       500.19174000 61.56831000 -553.90044000 0.0 0.0
       

TEXTURE corridor05
TRITEX 517.22373000 193.04064000 -408.44160000 0.690941 0.957976
       517.22373000 314.90574000 -487.64100000 0.056396 0.12245899999999998
       517.22373000 314.90574000 -367.93080000 0.973533 0.10188299999999995
       
TRITEX 517.22373000 193.04064000 -408.44160000 0.690941 0.957976
       517.22373000 193.04064000 -450.24639000 0.330488 0.93927
       517.22373000 314.90574000 -487.64100000 0.056396 0.12245899999999998
       
TRITEX 366.69135000 193.04064000 -450.24639000 0.330488 0.93927
       366.69132000 314.90574000 -367.93080000 0.973533 0.10188200000000003
       366.69135000 314.90574000 -487.64100000 0.056396 0.12245899999999998
       
TRITEX 366.69135000 193.04064000 -450.24639000 0.330488 0.93927
       366.69135000 193.04064000 -408.44160000 0.69094 0.957975
       366.69132000 314.90574000 -367.93080000 0.973533 0.10188200000000003
       

TEXTURE entrance_uni1
TRITEX 490.43907000 146.31666000 -554.13447000 0.0 0.0
       388.87794000 193.20210000 -634.91187000 1.0 1.0
       490.43907000 193.20210000 -634.91187000 1.0 0.0
       
TRITEX 490.43907000 146.31666000 -554.13447000 0.0 0.0
       388.87794000 146.31666000 -554.13444000 0.0 1.0
       388.87794000 193.20210000 -634.91187000 1.0 1.0
       
TRITEX 490.43907000 250.43499000 -493.02051000 1.0 0.0
       388.87794000 287.82954000 -561.68076000 0.0 1.0
       388.87794000 250.43499000 -493.02051000 1.0 1.0
       
TRITEX 490.43907000 250.43499000 -493.02051000 1.0 0.0
       490.43907000 287.82954000 -561.68082000 0.0 0.0
       388.87794000 287.82954000 -561.68076000 0.0 1.0
       
TRITEX 388.87794000 250.43499000 -493.02051000 1.0 0.0
       388.87794000 193.20210000 -634.91187000 0.0 1.0
       388.87794000 146.31666000 -554.13444000 1.0 1.0
       
TRITEX 388.87794000 250.43499000 -493.02051000 1.0 0.0
       388.87794000 287.82954000 -561.68076000 0.0 0.0
       388.87794000 193.20210000 -634.91187000 0.0 1.0
       
TRITEX 490.43907000 250.43499000 -493.02051000 1.0 0.0
       388.87794000 146.31666000 -554.13444000 0.0 1.0
       490.43907000 146.31666000 -554.13447000 1.0 1.0
       
TRITEX 490.43907000 250.43499000 -493.02051000 1.0 0.0
       388.87794000 250.43499000 -493.02051000 0.0 0.0
       388.87794000 146.31666000 -554.13444000 0.0 1.0
       
TRITEX 388.87794000 113.13612000 -192.13461000 1.0 0.0
       490.43907000 -6.86388000 -192.13461000 0.0 1.0
       490.43907000 113.13612000 -192.13461000 0.0 0.0
       
TRITEX 388.87794000 113.13612000 -192.13461000 1.0 0.0
       388.87794000 -6.86388000 -192.13461000 1.0 1.0
       490.43907000 -6.86388000 -192.13461000 0.0 1.0
       
TRITEX 490.43907000 113.13612000 -192.13461000 1.0 0.0
       490.43907000 -6.86388000 -289.07499000 0.0 1.0
       490.43907000 113.13612000 -289.07499000 0.0 0.0
       
TRITEX 490.43907000 113.13612000 -192.13461000 1.0 0.0
       490.43907000 -6.86388000 -192.13461000 1.0 1.0
       490.43907000 -6.86388000 -289.07499000 0.0 1.0
       
TRITEX 490.43907000 113.13612000 -289.07499000 1.0 0.0
       388.87794000 -6.86388000 -289.07496000 0.0 1.0
       388.87794000 113.13612000 -289.07496000 0.0 0.0
       
TRITEX 490.43907000 113.13612000 -289.07499000 1.0 0.0
       490.43907000 -6.86388000 -289.07499000 1.0 1.0
       388.87794000 -6.86388000 -289.07496000 0.0 1.0
       
TRITEX 388.87794000 113.13612000 -289.07496000 1.0 0.0
       388.87794000 -6.86388000 -192.13461000 0.0 1.0
       388.87794000 113.13612000 -192.13461000 0.0 0.0
       
TRITEX 388.87794000 113.13612000 -289.07496000 1.0 0.0
       388.87794000 -6.86388000 -289.07496000 1.0 1.0
       388.87794000 -6.86388000 -192.13461000 0.0 1.0
       
TRITEX 490.43907000 113.13612000 -289.07499000 1.0 0.0
       388.87794000 113.13612000 -192.13461000 0.0 1.0
       490.43907000 113.13612000 -192.13461000 0.0 0.0
       
TRITEX 490.43907000 113.13612000 -289.07499000 1.0 0.0
       388.87794000 113.13612000 -289.07496000 1.0 1.0
       388.87794000 113.13612000 -192.13461000 0.0 1.0
       
TRITEX 490.43907000 -6.86388000 -289.07499000 0.0 0.0
       388.87794000 -6.86388000 -192.13461000 1.0 1.0
       388.87794000 -6.86388000 -289.07496000 0.0 1.0
       
TRITEX 490.43907000 -6.86388000 -289.07499000 0.0 0.0
       490.43907000 -6.86388000 -192.13461000 1.0 0.0
       388.87794000 -6.86388000 -192.13461000 1.0 1.0
       
TRITEX 388.87794000 287.82954000 -289.77606000 1.0 0.0
       490.43907000 193.20210000 -216.54501000 0.0 1.0
       490.43907000 287.82954000 -289.77609000 0.0 0.0
       
TRITEX 388.87794000 287.82954000 -289.77606000 1.0 0.0
       388.87794000 193.20210000 -216.54498000 1.0 1.0
       490.43907000 193.20210000 -216.54501000 0.0 1.0
       
TRITEX 490.43907000 287.82954000 -289.77609000 1.0 0.0
       490.43907000 146.31666000 -297.32241000 0.0 1.0
       490.43907000 250.43499000 -358.43637000 0.0 0.0
       
TRITEX 490.43907000 287.82954000 -289.77609000 1.0 0.0
       490.43907000 193.20210000 -216.54501000 1.0 1.0
       490.43907000 146.31666000 -297.32241000 0.0 1.0
       
TRITEX 490.43907000 250.43499000 -358.43637000 1.0 0.0
       388.87794000 146.31666000 -297.32241000 0.0 1.0
       388.87794000 250.43499000 -358.43637000 0.0 0.0
       
TRITEX 490.43907000 250.43499000 -358.43637000 1.0 0.0
       490.43907000 146.31666000 -297.32241000 1.0 1.0
       388.87794000 146.31666000 -297.32241000 0.0 1.0
       
TRITEX 388.87794000 250.43499000 -358.43637000 1.0 0.0
       388.87794000 193.20210000 -216.54498000 0.0 1.0
       388.87794000 287.82954000 -289.77606000 0.0 0.0
       
TRITEX 388.87794000 250.43499000 -358.43637000 1.0 0.0
       388.87794000 146.31666000 -297.32241000 1.0 1.0
       388.87794000 193.20210000 -216.54498000 0.0 1.0
       
TRITEX 490.43907000 250.43499000 -358.43637000 1.0 0.0
       388.87794000 287.82954000 -289.77606000 0.0 1.0
       490.43907000 287.82954000 -289.77609000 0.0 0.0
       
TRITEX 490.43907000 250.43499000 -358.43637000 1.0 0.0
       388.87794000 250.43499000 -358.43637000 1.0 1.0
       388.87794000 287.82954000 -289.77606000 0.0 1.0
       
TRITEX 490.43907000 146.31666000 -297.32241000 0.0 0.0
       388.87794000 193.20210000 -216.54498000 1.0 1.0
       388.87794000 146.31666000 -297.32241000 0.0 1.0
       
TRITEX 490.43907000 146.31666000 -297.32241000 0.0 0.0
       490.43907000 193.20210000 -216.54501000 1.0 0.0
       388.87794000 193.20210000 -216.54498000 1.0 1.0
       
TRITEX 490.43907000 -6.86388000 -659.32221000 0.0 1.0
       388.87794000 113.13612000 -659.32221000 1.0 0.0
       490.43907000 113.13612000 -659.32221000 0.0 0.0
       
TRITEX 490.43907000 -6.86388000 -659.32221000 0.0 1.0
       388.87794000 -6.86388000 -659.32221000 1.0 1.0
       388.87794000 113.13612000 -659.32221000 1.0 0.0
       
TRITEX 490.43907000 -6.86388000 -562.38189000 0.0 1.0
       490.43907000 113.13612000 -659.32221000 1.0 0.0
       490.43907000 113.13612000 -562.38189000 0.0 0.0
       
TRITEX 490.43907000 -6.86388000 -562.38189000 0.0 1.0
       490.43907000 -6.86388000 -659.32221000 1.0 1.0
       490.43907000 113.13612000 -659.32221000 1.0 0.0
       
TRITEX 388.87794000 -6.86388000 -562.38189000 0.0 1.0
       490.43907000 113.13612000 -562.38189000 1.0 0.0
       388.87794000 113.13612000 -562.38189000 0.0 0.0
       
TRITEX 388.87794000 -6.86388000 -562.38189000 0.0 1.0
       490.43907000 -6.86388000 -562.38189000 1.0 1.0
       490.43907000 113.13612000 -562.38189000 1.0 0.0
       
TRITEX 388.87794000 -6.86388000 -659.32221000 0.0 1.0
       388.87794000 113.13612000 -562.38189000 1.0 0.0
       388.87794000 113.13612000 -659.32221000 0.0 0.0
       
TRITEX 388.87794000 -6.86388000 -659.32221000 0.0 1.0
       388.87794000 -6.86388000 -562.38189000 1.0 1.0
       388.87794000 113.13612000 -562.38189000 1.0 0.0
       
TRITEX 388.87794000 113.13612000 -659.32221000 0.0 1.0
       490.43907000 113.13612000 -562.38189000 1.0 0.0
       490.43907000 113.13612000 -659.32221000 0.0 0.0
       
TRITEX 388.87794000 113.13612000 -659.32221000 0.0 1.0
       388.87794000 113.13612000 -562.38189000 1.0 1.0
       490.43907000 113.13612000 -562.38189000 1.0 0.0
       
TRITEX 388.87794000 -6.86388000 -659.32221000 1.0 1.0
       490.43907000 -6.86388000 -562.38189000 0.0 0.0
       388.87794000 -6.86388000 -562.38189000 0.0 1.0
       
TRITEX 388.87794000 -6.86388000 -659.32221000 1.0 1.0
       490.43907000 -6.86388000 -659.32221000 1.0 0.0
       490.43907000 -6.86388000 -562.38189000 0.0 0.0
       
TRITEX 490.43907000 193.20210000 -634.91187000 0.0 1.0
       388.87794000 287.82954000 -561.68076000 1.0 0.0
       490.43907000 287.82954000 -561.68082000 0.0 0.0
       
TRITEX 490.43907000 193.20210000 -634.91187000 0.0 1.0
       388.87794000 193.20210000 -634.91187000 1.0 1.0
       388.87794000 287.82954000 -561.68076000 1.0 0.0
       
TRITEX 490.43907000 146.31666000 -554.13447000 0.0 1.0
       490.43907000 287.82954000 -561.68082000 1.0 0.0
       490.43907000 250.43499000 -493.02051000 0.0 0.0
       
TRITEX 490.43907000 146.31666000 -554.13447000 0.0 1.0
       490.43907000 193.20210000 -634.91187000 1.0 1.0
       490.43907000 287.82954000 -561.68082000 1.0 0.0
       

TEXTURE corridor07
TRITEX 380.19171000 61.56831000 -297.55644000 0.0 1.0
       500.19174000 177.50958000 -328.50183000 1.0 0.0
       500.19174000 61.56831000 -297.55644000 1.0 1.0
       
TRITEX 380.19171000 61.56831000 -297.55644000 0.0 1.0
       380.19171000 177.50958000 -328.50183000 0.0 0.0
       500.19174000 177.50958000 -328.50183000 1.0 0.0
       
TRITEX 380.19171000 61.56831000 -553.90038000 0.0 1.0
       500.19174000 177.50958000 -522.95505000 1.0 0.0
       380.19171000 177.50958000 -522.95499000 0.0 0.0
       
TRITEX 380.19171000 61.56831000 -553.90038000 0.0 1.0
       500.19174000 61.56831000 -553.90044000 1.0 1.0
       500.19174000 177.50958000 -522.95505000 1.0 0.0
       

TEXTURE corridor01
TRITEX -373.79862000 24.21678000 -831.05730000 0.9995 0.999501
       454.97598000 37.34178000 -831.05736000 0.0005 0.0004990000000000272
       454.97598000 24.21678000 -831.05736000 0.0005 0.999501
       
TRITEX -373.79862000 37.34178000 -831.05730000 0.9995 0.0004990000000000272
       454.97598000 37.34178000 -831.05736000 0.0005 0.0004990000000000272
       -373.79862000 24.21678000 -831.05730000 0.9995 0.999501
       
TRITEX -373.79859000 24.21678000 694.52247000 0.0005 0.999501
       454.97601000 37.34178000 694.52247000 0.9995 0.0004990000000000272
       -373.79859000 37.34178000 694.52247000 0.0005 0.0004990000000000272
       
TRITEX -373.79859000 37.34178000 694.52247000 0.9995 0.0004990000000000272
       -373.79862000 37.34178000 -831.05730000 0.0005 0.0004990000000000272
       -373.79859000 24.21678000 694.52247000 0.9995 0.999501
       
TRITEX -373.79859000 37.34178000 694.52247000 -0.99782 -0.418439
       454.97598000 37.34178000 -831.05736000 1.99187 1.081231
       -373.79862000 37.34178000 -831.05730000 1.99293 -0.4181999999999999
       
TRITEX 454.97601000 37.34178000 694.52247000 -0.996455 1.079781
       454.97598000 37.34178000 -831.05736000 1.99187 1.081231
       -373.79859000 37.34178000 694.52247000 -0.99782 -0.418439
       
TRITEX -373.79859000 24.21678000 694.52247000 0.096514 -0.4188590000000001
       454.97598000 24.21678000 -831.05736000 0.902121 1.079361
       454.97601000 24.21678000 694.52247000 0.097879 1.079361
       
TRITEX -373.79862000 24.21678000 -831.05730000 0.900756 -0.41885799999999995
       454.97598000 24.21678000 -831.05736000 0.902121 1.079361
       -373.79859000 24.21678000 694.52247000 0.096514 -0.4188590000000001
       
TRITEX -373.79859000 24.21678000 694.52247000 0.9995 0.999501
       -373.79862000 37.34178000 -831.05730000 0.0005 0.0004990000000000272
       -373.79862000 24.21678000 -831.05730000 0.0005 0.999501
       
TRITEX 454.97598000 24.21678000 -831.05736000 0.9995 0.999501
       454.97598000 37.34178000 -831.05736000 0.9995 0.0004990000000000272
       454.97601000 24.21678000 694.52247000 0.0005 0.999501
       
TRITEX 454.97601000 24.21678000 694.52247000 0.9995 0.999501
       454.97601000 37.34178000 694.52247000 0.9995 0.0004990000000000272
       -373.79859000 24.21678000 694.52247000 0.0005 0.999501
       
TRITEX 454.97601000 24.21678000 694.52247000 0.0005 0.999501
       454.97598000 37.34178000 -831.05736000 0.9995 0.0004990000000000272
       454.97601000 37.34178000 694.52247000 0.0005 0.0004990000000000272
       
OBJECT 194	!wall0-240-320

TEXTURE	wall1
TYPE	wall
QUAD		0.00  0.00   0.00
		0.00  240.00   0.00
		0.00  240.00  320.00
		0.00  0.00  320.00


OBJECT 195 door55


TEXTURE grid
TRITEX -120.9375 202.09323 -0.6155400000000001 0.0005 0.0004990000000000272
       -117.1875 -37.90677 -8.11554 0.016232 0.999501
       -120.9375 -37.90677 -0.6155400000000001 0.0005 0.999501
       
TRITEX -117.1875 202.09323 -8.11554 0.016232 0.0004990000000000272
       -117.1875 -37.90677 -8.11554 0.016232 0.999501
       -120.9375 202.09323 -0.6155400000000001 0.0005 0.0004990000000000272
       
TRITEX -104.0625 202.09323 -0.6155400000000001 0.071295 0.0004990000000000272
       -107.8125 -37.90677 6.88446 0.055563 0.999501
       -104.0625 -37.90677 -0.6155400000000001 0.071295 0.999501
       
TRITEX -107.8125 202.09323 6.88446 0.055563 0.0004990000000000272
       -107.8125 -37.90677 6.88446 0.055563 0.999501
       -104.0625 202.09323 -0.6155400000000001 0.071295 0.0004990000000000272
       
TRITEX -120.9375 202.09323 -0.6155400000000001 0.0005 0.0004990000000000272
       -117.1875 -37.90677 6.88446 0.016232 0.999501
       -117.1875 202.09323 6.88446 0.016232 0.0004990000000000272
       
TRITEX -120.9375 -37.90677 -0.6155400000000001 0.0005 0.999501
       -117.1875 -37.90677 6.88446 0.016232 0.999501
       -120.9375 202.09323 -0.6155400000000001 0.0005 0.0004990000000000272
       
TRITEX -104.0625 202.09323 -0.6155400000000001 0.071295 0.0004990000000000272
       -107.8125 -37.90677 -8.11554 0.055563 0.999501
       -107.8125 202.09323 -8.11554 0.055563 0.0004990000000000272
       
TRITEX -104.0625 -37.90677 -0.6155400000000001 0.071295 0.999501
       -107.8125 -37.90677 -8.11554 0.055563 0.999501
       -104.0625 202.09323 -0.6155400000000001 0.071295 0.0004990000000000272
       
TRITEX -120.9375 202.09323 -0.6155400000000001 0.0005 0.0004990000000000272
       -107.8125 202.09323 -8.11554 0.055563 0.0004990000000000272
       -117.1875 202.09323 -8.11554 0.016232 0.0004990000000000272
       
TRITEX -117.1875 202.09323 6.88446 0.016232 0.0004990000000000272
       -107.8125 202.09323 -8.11554 0.055563 0.0004990000000000272
       -120.9375 202.09323 -0.6155400000000001 0.0005 0.0004990000000000272
       
TRITEX -107.8125 202.09323 6.88446 0.055563 0.0004990000000000272
       -107.8125 202.09323 -8.11554 0.055563 0.0004990000000000272
       -117.1875 202.09323 6.88446 0.016232 0.0004990000000000272
       
TRITEX -104.0625 202.09323 -0.6155400000000001 0.071295 0.0004990000000000272
       -107.8125 202.09323 -8.11554 0.055563 0.0004990000000000272
       -107.8125 202.09323 6.88446 0.055563 0.0004990000000000272
       
TRITEX -107.8125 -37.90677 6.88446 0.055563 0.999501
       -107.8125 -37.90677 -8.11554 0.055563 0.999501
       -104.0625 -37.90677 -0.6155400000000001 0.071295 0.999501
       
TRITEX -117.1875 -37.90677 6.88446 0.016232 0.999501
       -107.8125 -37.90677 -8.11554 0.055563 0.999501
       -107.8125 -37.90677 6.88446 0.055563 0.999501
       
TRITEX -120.9375 -37.90677 -0.6155400000000001 0.0005 0.999501
       -107.8125 -37.90677 -8.11554 0.055563 0.999501
       -117.1875 -37.90677 6.88446 0.016232 0.999501
       
TRITEX -117.1875 -37.90677 -8.11554 0.016232 0.999501
       -107.8125 -37.90677 -8.11554 0.055563 0.999501
       -120.9375 -37.90677 -0.6155400000000001 0.0005 0.999501
       
TRITEX -107.8125 202.09323 6.88446 0.055563 0.0004990000000000272
       -117.1875 -37.90677 6.88446 0.016232 0.999501
       -107.8125 -37.90677 6.88446 0.055563 0.999501
       
TRITEX -117.1875 202.09323 6.88446 0.016232 0.0004990000000000272
       -117.1875 -37.90677 6.88446 0.016232 0.999501
       -107.8125 202.09323 6.88446 0.055563 0.0004990000000000272
       
TRITEX -117.1875 202.09323 -8.11554 0.016232 0.0004990000000000272
       -107.8125 -37.90677 -8.11554 0.055563 0.999501
       -117.1875 -37.90677 -8.11554 0.016232 0.999501
       
TRITEX -107.8125 202.09323 -8.11554 0.055563 0.0004990000000000272
       -107.8125 -37.90677 -8.11554 0.055563 0.999501
       -117.1875 202.09323 -8.11554 0.016232 0.0004990000000000272
       
TRITEX -83.4375 202.09323 -0.6155400000000001 0.157823 0.0004990000000000272
       -79.6875 -37.90677 -8.11554 0.173555 0.999501
       -83.4375 -37.90677 -0.6155400000000001 0.157823 0.999501
       
TRITEX -79.6875 202.09323 -8.11554 0.173555 0.0004990000000000272
       -79.6875 -37.90677 -8.11554 0.173555 0.999501
       -83.4375 202.09323 -0.6155400000000001 0.157823 0.0004990000000000272
       
TRITEX -66.5625 202.09323 -0.6155400000000001 0.228618 0.0004990000000000272
       -70.3125 -37.90677 6.88446 0.212886 0.999501
       -66.5625 -37.90677 -0.6155400000000001 0.228618 0.999501
       
TRITEX -70.3125 202.09323 6.88446 0.212886 0.0004990000000000272
       -70.3125 -37.90677 6.88446 0.212886 0.999501
       -66.5625 202.09323 -0.6155400000000001 0.228618 0.0004990000000000272
       
TRITEX -83.4375 202.09323 -0.6155400000000001 0.157823 0.0004990000000000272
       -79.6875 -37.90677 6.88446 0.173555 0.999501
       -79.6875 202.09323 6.88446 0.173555 0.0004990000000000272
       
TRITEX -83.4375 -37.90677 -0.6155400000000001 0.157823 0.999501
       -79.6875 -37.90677 6.88446 0.173555 0.999501
       -83.4375 202.09323 -0.6155400000000001 0.157823 0.0004990000000000272
       
TRITEX -66.5625 202.09323 -0.6155400000000001 0.228618 0.0004990000000000272
       -70.3125 -37.90677 -8.11554 0.212886 0.999501
       -70.3125 202.09323 -8.11554 0.212886 0.0004990000000000272
       
TRITEX -66.5625 -37.90677 -0.6155400000000001 0.228618 0.999501
       -70.3125 -37.90677 -8.11554 0.212886 0.999501
       -66.5625 202.09323 -0.6155400000000001 0.228618 0.0004990000000000272
       
TRITEX -83.4375 202.09323 -0.6155400000000001 0.157823 0.0004990000000000272
       -70.3125 202.09323 -8.11554 0.212886 0.0004990000000000272
       -79.6875 202.09323 -8.11554 0.173555 0.0004990000000000272
       
TRITEX -79.6875 202.09323 6.88446 0.173555 0.0004990000000000272
       -70.3125 202.09323 -8.11554 0.212886 0.0004990000000000272
       -83.4375 202.09323 -0.6155400000000001 0.157823 0.0004990000000000272
       
TRITEX -70.3125 202.09323 6.88446 0.212886 0.0004990000000000272
       -70.3125 202.09323 -8.11554 0.212886 0.0004990000000000272
       -79.6875 202.09323 6.88446 0.173555 0.0004990000000000272
       
TRITEX -66.5625 202.09323 -0.6155400000000001 0.228618 0.0004990000000000272
       -70.3125 202.09323 -8.11554 0.212886 0.0004990000000000272
       -70.3125 202.09323 6.88446 0.212886 0.0004990000000000272
       
TRITEX -70.3125 -37.90677 6.88446 0.212886 0.999501
       -70.3125 -37.90677 -8.11554 0.212886 0.999501
       -66.5625 -37.90677 -0.6155400000000001 0.228618 0.999501
       
TRITEX -79.6875 -37.90677 6.88446 0.173555 0.999501
       -70.3125 -37.90677 -8.11554 0.212886 0.999501
       -70.3125 -37.90677 6.88446 0.212886 0.999501
       
TRITEX -83.4375 -37.90677 -0.6155400000000001 0.157823 0.999501
       -70.3125 -37.90677 -8.11554 0.212886 0.999501
       -79.6875 -37.90677 6.88446 0.173555 0.999501
       
TRITEX -79.6875 -37.90677 -8.11554 0.173555 0.999501
       -70.3125 -37.90677 -8.11554 0.212886 0.999501
       -83.4375 -37.90677 -0.6155400000000001 0.157823 0.999501
       
TRITEX -70.3125 202.09323 6.88446 0.212886 0.0004990000000000272
       -79.6875 -37.90677 6.88446 0.173555 0.999501
       -70.3125 -37.90677 6.88446 0.212886 0.999501
       
TRITEX -79.6875 202.09323 6.88446 0.173555 0.0004990000000000272
       -79.6875 -37.90677 6.88446 0.173555 0.999501
       -70.3125 202.09323 6.88446 0.212886 0.0004990000000000272
       
TRITEX -79.6875 202.09323 -8.11554 0.173555 0.0004990000000000272
       -70.3125 -37.90677 -8.11554 0.212886 0.999501
       -79.6875 -37.90677 -8.11554 0.173555 0.999501
       
TRITEX -70.3125 202.09323 -8.11554 0.212886 0.0004990000000000272
       -70.3125 -37.90677 -8.11554 0.212886 0.999501
       -79.6875 202.09323 -8.11554 0.173555 0.0004990000000000272
       
TRITEX -45.9375 202.09323 -0.6155400000000001 0.315145 0.0004990000000000272
       -42.1875 -37.90677 -8.11554 0.330878 0.999501
       -45.9375 -37.90677 -0.6155400000000001 0.315145 0.999501
       
TRITEX -42.1875 202.09323 -8.11554 0.330878 0.0004990000000000272
       -42.1875 -37.90677 -8.11554 0.330878 0.999501
       -45.9375 202.09323 -0.6155400000000001 0.315145 0.0004990000000000272
       
TRITEX -29.0625 202.09323 -0.6155400000000001 0.385941 0.0004990000000000272
       -32.8125 -37.90677 6.88446 0.370209 0.999501
       -29.0625 -37.90677 -0.6155400000000001 0.385941 0.999501
       
TRITEX -32.8125 202.09323 6.88446 0.370209 0.0004990000000000272
       -32.8125 -37.90677 6.88446 0.370209 0.999501
       -29.0625 202.09323 -0.6155400000000001 0.385941 0.0004990000000000272
       
TRITEX -45.9375 202.09323 -0.6155400000000001 0.315145 0.0004990000000000272
       -42.1875 -37.90677 6.88446 0.330878 0.999501
       -42.1875 202.09323 6.88446 0.330878 0.0004990000000000272
       
TRITEX -45.9375 -37.90677 -0.6155400000000001 0.315145 0.999501
       -42.1875 -37.90677 6.88446 0.330878 0.999501
       -45.9375 202.09323 -0.6155400000000001 0.315145 0.0004990000000000272
       
TRITEX -29.0625 202.09323 -0.6155400000000001 0.385941 0.0004990000000000272
       -32.8125 -37.90677 -8.11554 0.370209 0.999501
       -32.8125 202.09323 -8.11554 0.370209 0.0004990000000000272
       
TRITEX -29.0625 -37.90677 -0.6155400000000001 0.385941 0.999501
       -32.8125 -37.90677 -8.11554 0.370209 0.999501
       -29.0625 202.09323 -0.6155400000000001 0.385941 0.0004990000000000272
       
TRITEX -45.9375 202.09323 -0.6155400000000001 0.315145 0.0004990000000000272
       -32.8125 202.09323 -8.11554 0.370209 0.0004990000000000272
       -42.1875 202.09323 -8.11554 0.330878 0.0004990000000000272
       
TRITEX -42.1875 202.09323 6.88446 0.330878 0.0004990000000000272
       -32.8125 202.09323 -8.11554 0.370209 0.0004990000000000272
       -45.9375 202.09323 -0.6155400000000001 0.315145 0.0004990000000000272
       
TRITEX -32.8125 202.09323 6.88446 0.370209 0.0004990000000000272
       -32.8125 202.09323 -8.11554 0.370209 0.0004990000000000272
       -42.1875 202.09323 6.88446 0.330878 0.0004990000000000272
       
TRITEX -29.0625 202.09323 -0.6155400000000001 0.385941 0.0004990000000000272
       -32.8125 202.09323 -8.11554 0.370209 0.0004990000000000272
       -32.8125 202.09323 6.88446 0.370209 0.0004990000000000272
       
TRITEX -32.8125 -37.90677 6.88446 0.370209 0.999501
       -32.8125 -37.90677 -8.11554 0.370209 0.999501
       -29.0625 -37.90677 -0.6155400000000001 0.385941 0.999501
       
TRITEX -42.1875 -37.90677 6.88446 0.330878 0.999501
       -32.8125 -37.90677 -8.11554 0.370209 0.999501
       -32.8125 -37.90677 6.88446 0.370209 0.999501
       
TRITEX -45.9375 -37.90677 -0.6155400000000001 0.315145 0.999501
       -32.8125 -37.90677 -8.11554 0.370209 0.999501
       -42.1875 -37.90677 6.88446 0.330878 0.999501
       
TRITEX -42.1875 -37.90677 -8.11554 0.330878 0.999501
       -32.8125 -37.90677 -8.11554 0.370209 0.999501
       -45.9375 -37.90677 -0.6155400000000001 0.315145 0.999501
       
TRITEX -32.8125 202.09323 6.88446 0.370209 0.0004990000000000272
       -42.1875 -37.90677 6.88446 0.330878 0.999501
       -32.8125 -37.90677 6.88446 0.370209 0.999501
       
TRITEX -42.1875 202.09323 6.88446 0.330878 0.0004990000000000272
       -42.1875 -37.90677 6.88446 0.330878 0.999501
       -32.8125 202.09323 6.88446 0.370209 0.0004990000000000272
       
TRITEX -42.1875 202.09323 -8.11554 0.330878 0.0004990000000000272
       -32.8125 -37.90677 -8.11554 0.370209 0.999501
       -42.1875 -37.90677 -8.11554 0.330878 0.999501
       
TRITEX -32.8125 202.09323 -8.11554 0.370209 0.0004990000000000272
       -32.8125 -37.90677 -8.11554 0.370209 0.999501
       -42.1875 202.09323 -8.11554 0.330878 0.0004990000000000272
       
TRITEX -8.4375 202.09323 -0.6155400000000001 0.472468 0.0004990000000000272
       -4.6875 -37.90677 -8.11554 0.488201 0.999501
       -8.4375 -37.90677 -0.6155400000000001 0.472468 0.999501
       
TRITEX -4.6875 202.09323 -8.11554 0.488201 0.0004990000000000272
       -4.6875 -37.90677 -8.11554 0.488201 0.999501
       -8.4375 202.09323 -0.6155400000000001 0.472468 0.0004990000000000272
       
TRITEX 8.4375 202.09323 -0.6155400000000001 0.543264 0.0004990000000000272
       4.6875 -37.90677 6.88446 0.527532 0.999501
       8.4375 -37.90677 -0.6155400000000001 0.543264 0.999501
       
TRITEX 4.6875 202.09323 6.88446 0.527532 0.0004990000000000272
       4.6875 -37.90677 6.88446 0.527532 0.999501
       8.4375 202.09323 -0.6155400000000001 0.543264 0.0004990000000000272
       
TRITEX -8.4375 202.09323 -0.6155400000000001 0.472468 0.0004990000000000272
       -4.6875 -37.90677 6.88446 0.488201 0.999501
       -4.6875 202.09323 6.88446 0.488201 0.0004990000000000272
       
TRITEX -8.4375 -37.90677 -0.6155400000000001 0.472468 0.999501
       -4.6875 -37.90677 6.88446 0.488201 0.999501
       -8.4375 202.09323 -0.6155400000000001 0.472468 0.0004990000000000272
       
TRITEX 8.4375 202.09323 -0.6155400000000001 0.543264 0.0004990000000000272
       4.6875 -37.90677 -8.11554 0.527532 0.999501
       4.6875 202.09323 -8.11554 0.527532 0.0004990000000000272
       
TRITEX 8.4375 -37.90677 -0.6155400000000001 0.543264 0.999501
       4.6875 -37.90677 -8.11554 0.527532 0.999501
       8.4375 202.09323 -0.6155400000000001 0.543264 0.0004990000000000272
       
TRITEX -8.4375 202.09323 -0.6155400000000001 0.472468 0.0004990000000000272
       4.6875 202.09323 -8.11554 0.527532 0.0004990000000000272
       -4.6875 202.09323 -8.11554 0.488201 0.0004990000000000272
       
TRITEX -4.6875 202.09323 6.88446 0.488201 0.0004990000000000272
       4.6875 202.09323 -8.11554 0.527532 0.0004990000000000272
       -8.4375 202.09323 -0.6155400000000001 0.472468 0.0004990000000000272
       
TRITEX 4.6875 202.09323 6.88446 0.527532 0.0004990000000000272
       4.6875 202.09323 -8.11554 0.527532 0.0004990000000000272
       -4.6875 202.09323 6.88446 0.488201 0.0004990000000000272
       
TRITEX 8.4375 202.09323 -0.6155400000000001 0.543264 0.0004990000000000272
       4.6875 202.09323 -8.11554 0.527532 0.0004990000000000272
       4.6875 202.09323 6.88446 0.527532 0.0004990000000000272
       
TRITEX 4.6875 -37.90677 6.88446 0.527532 0.999501
       4.6875 -37.90677 -8.11554 0.527532 0.999501
       8.4375 -37.90677 -0.6155400000000001 0.543264 0.999501
       
TRITEX -4.6875 -37.90677 6.88446 0.488201 0.999501
       4.6875 -37.90677 -8.11554 0.527532 0.999501
       4.6875 -37.90677 6.88446 0.527532 0.999501
       
TRITEX -8.4375 -37.90677 -0.6155400000000001 0.472468 0.999501
       4.6875 -37.90677 -8.11554 0.527532 0.999501
       -4.6875 -37.90677 6.88446 0.488201 0.999501
       
TRITEX -4.6875 -37.90677 -8.11554 0.488201 0.999501
       4.6875 -37.90677 -8.11554 0.527532 0.999501
       -8.4375 -37.90677 -0.6155400000000001 0.472468 0.999501
       
TRITEX 4.6875 202.09323 6.88446 0.527532 0.0004990000000000272
       -4.6875 -37.90677 6.88446 0.488201 0.999501
       4.6875 -37.90677 6.88446 0.527532 0.999501
       
TRITEX -4.6875 202.09323 6.88446 0.488201 0.0004990000000000272
       -4.6875 -37.90677 6.88446 0.488201 0.999501
       4.6875 202.09323 6.88446 0.527532 0.0004990000000000272
       
TRITEX -4.6875 202.09323 -8.11554 0.488201 0.0004990000000000272
       4.6875 -37.90677 -8.11554 0.527532 0.999501
       -4.6875 -37.90677 -8.11554 0.488201 0.999501
       
TRITEX 4.6875 202.09323 -8.11554 0.527532 0.0004990000000000272
       4.6875 -37.90677 -8.11554 0.527532 0.999501
       -4.6875 202.09323 -8.11554 0.488201 0.0004990000000000272
       
TRITEX 25.3125 202.09323 -0.6155400000000001 0.614059 0.0004990000000000272
       29.0625 -37.90677 -8.11554 0.629791 0.999501
       25.3125 -37.90677 -0.6155400000000001 0.614059 0.999501
       
TRITEX 29.0625 202.09323 -8.11554 0.629791 0.0004990000000000272
       29.0625 -37.90677 -8.11554 0.629791 0.999501
       25.3125 202.09323 -0.6155400000000001 0.614059 0.0004990000000000272
       
TRITEX 42.1875 202.09323 -0.6155400000000001 0.684855 0.0004990000000000272
       38.4375 -37.90677 6.88446 0.669122 0.999501
       42.1875 -37.90677 -0.6155400000000001 0.684855 0.999501
       
TRITEX 38.4375 202.09323 6.88446 0.669122 0.0004990000000000272
       38.4375 -37.90677 6.88446 0.669122 0.999501
       42.1875 202.09323 -0.6155400000000001 0.684855 0.0004990000000000272
       
TRITEX 25.3125 202.09323 -0.6155400000000001 0.614059 0.0004990000000000272
       29.0625 -37.90677 6.88446 0.629791 0.999501
       29.0625 202.09323 6.88446 0.629791 0.0004990000000000272
       
TRITEX 25.3125 -37.90677 -0.6155400000000001 0.614059 0.999501
       29.0625 -37.90677 6.88446 0.629791 0.999501
       25.3125 202.09323 -0.6155400000000001 0.614059 0.0004990000000000272
       
TRITEX 42.1875 202.09323 -0.6155400000000001 0.684855 0.0004990000000000272
       38.4375 -37.90677 -8.11554 0.669122 0.999501
       38.4375 202.09323 -8.11554 0.669122 0.0004990000000000272
       
TRITEX 42.1875 -37.90677 -0.6155400000000001 0.684855 0.999501
       38.4375 -37.90677 -8.11554 0.669122 0.999501
       42.1875 202.09323 -0.6155400000000001 0.684855 0.0004990000000000272
       
TRITEX 25.3125 202.09323 -0.6155400000000001 0.614059 0.0004990000000000272
       38.4375 202.09323 -8.11554 0.669122 0.0004990000000000272
       29.0625 202.09323 -8.11554 0.629791 0.0004990000000000272
       
TRITEX 29.0625 202.09323 6.88446 0.629791 0.0004990000000000272
       38.4375 202.09323 -8.11554 0.669122 0.0004990000000000272
       25.3125 202.09323 -0.6155400000000001 0.614059 0.0004990000000000272
       
TRITEX 38.4375 202.09323 6.88446 0.669122 0.0004990000000000272
       38.4375 202.09323 -8.11554 0.669122 0.0004990000000000272
       29.0625 202.09323 6.88446 0.629791 0.0004990000000000272
       
TRITEX 42.1875 202.09323 -0.6155400000000001 0.684855 0.0004990000000000272
       38.4375 202.09323 -8.11554 0.669122 0.0004990000000000272
       38.4375 202.09323 6.88446 0.669122 0.0004990000000000272
       
TRITEX 38.4375 -37.90677 6.88446 0.669122 0.999501
       38.4375 -37.90677 -8.11554 0.669122 0.999501
       42.1875 -37.90677 -0.6155400000000001 0.684855 0.999501
       
TRITEX 29.0625 -37.90677 6.88446 0.629791 0.999501
       38.4375 -37.90677 -8.11554 0.669122 0.999501
       38.4375 -37.90677 6.88446 0.669122 0.999501
       
TRITEX 25.3125 -37.90677 -0.6155400000000001 0.614059 0.999501
       38.4375 -37.90677 -8.11554 0.669122 0.999501
       29.0625 -37.90677 6.88446 0.629791 0.999501
       
TRITEX 29.0625 -37.90677 -8.11554 0.629791 0.999501
       38.4375 -37.90677 -8.11554 0.669122 0.999501
       25.3125 -37.90677 -0.6155400000000001 0.614059 0.999501
       
TRITEX 38.4375 202.09323 6.88446 0.669122 0.0004990000000000272
       29.0625 -37.90677 6.88446 0.629791 0.999501
       38.4375 -37.90677 6.88446 0.669122 0.999501
       
TRITEX 29.0625 202.09323 6.88446 0.629791 0.0004990000000000272
       29.0625 -37.90677 6.88446 0.629791 0.999501
       38.4375 202.09323 6.88446 0.669122 0.0004990000000000272
       
TRITEX 29.0625 202.09323 -8.11554 0.629791 0.0004990000000000272
       38.4375 -37.90677 -8.11554 0.669122 0.999501
       29.0625 -37.90677 -8.11554 0.629791 0.999501
       
TRITEX 38.4375 202.09323 -8.11554 0.669122 0.0004990000000000272
       38.4375 -37.90677 -8.11554 0.669122 0.999501
       29.0625 202.09323 -8.11554 0.629791 0.0004990000000000272
       
TRITEX 62.8125 202.09323 -0.6155400000000001 0.771382 0.0004990000000000272
       66.5625 -37.90677 -8.11554 0.787114 0.999501
       62.8125 -37.90677 -0.6155400000000001 0.771382 0.999501
       
TRITEX 66.5625 202.09323 -8.11554 0.787114 0.0004990000000000272
       66.5625 -37.90677 -8.11554 0.787114 0.999501
       62.8125 202.09323 -0.6155400000000001 0.771382 0.0004990000000000272
       
TRITEX 79.68753000000001 202.09323 -0.6155400000000001 0.842178 0.0004990000000000272
       75.93753000000001 -37.90677 6.88446 0.826445 0.999501
       79.68753000000001 -37.90677 -0.6155400000000001 0.842178 0.999501
       
TRITEX 75.93753000000001 202.09323 6.88446 0.826445 0.0004990000000000272
       75.93753000000001 -37.90677 6.88446 0.826445 0.999501
       79.68753000000001 202.09323 -0.6155400000000001 0.842178 0.0004990000000000272
       
TRITEX 62.8125 202.09323 -0.6155400000000001 0.771382 0.0004990000000000272
       66.5625 -37.90677 6.88446 0.787114 0.999501
       66.5625 202.09323 6.88446 0.787114 0.0004990000000000272
       
TRITEX 62.8125 -37.90677 -0.6155400000000001 0.771382 0.999501
       66.5625 -37.90677 6.88446 0.787114 0.999501
       62.8125 202.09323 -0.6155400000000001 0.771382 0.0004990000000000272
       
TRITEX 79.68753000000001 202.09323 -0.6155400000000001 0.842178 0.0004990000000000272
       75.93753000000001 -37.90677 -8.11554 0.826445 0.999501
       75.93753000000001 202.09323 -8.11554 0.826445 0.0004990000000000272
       
TRITEX 79.68753000000001 -37.90677 -0.6155400000000001 0.842178 0.999501
       75.93753000000001 -37.90677 -8.11554 0.826445 0.999501
       79.68753000000001 202.09323 -0.6155400000000001 0.842178 0.0004990000000000272
       
TRITEX 62.8125 202.09323 -0.6155400000000001 0.771382 0.0004990000000000272
       75.93753000000001 202.09323 -8.11554 0.826445 0.0004990000000000272
       66.5625 202.09323 -8.11554 0.787114 0.0004990000000000272
       
TRITEX 66.5625 202.09323 6.88446 0.787114 0.0004990000000000272
       75.93753000000001 202.09323 -8.11554 0.826445 0.0004990000000000272
       62.8125 202.09323 -0.6155400000000001 0.771382 0.0004990000000000272
       
TRITEX 75.93753000000001 202.09323 6.88446 0.826445 0.0004990000000000272
       75.93753000000001 202.09323 -8.11554 0.826445 0.0004990000000000272
       66.5625 202.09323 6.88446 0.787114 0.0004990000000000272
       
TRITEX 79.68753000000001 202.09323 -0.6155400000000001 0.842178 0.0004990000000000272
       75.93753000000001 202.09323 -8.11554 0.826445 0.0004990000000000272
       75.93753000000001 202.09323 6.88446 0.826445 0.0004990000000000272
       
TRITEX 75.93753000000001 -37.90677 6.88446 0.826445 0.999501
       75.93753000000001 -37.90677 -8.11554 0.826445 0.999501
       79.68753000000001 -37.90677 -0.6155400000000001 0.842178 0.999501
       
TRITEX 66.5625 -37.90677 6.88446 0.787114 0.999501
       75.93753000000001 -37.90677 -8.11554 0.826445 0.999501
       75.93753000000001 -37.90677 6.88446 0.826445 0.999501
       
TRITEX 62.8125 -37.90677 -0.6155400000000001 0.771382 0.999501
       75.93753000000001 -37.90677 -8.11554 0.826445 0.999501
       66.5625 -37.90677 6.88446 0.787114 0.999501
       
TRITEX 66.5625 -37.90677 -8.11554 0.787114 0.999501
       75.93753000000001 -37.90677 -8.11554 0.826445 0.999501
       62.8125 -37.90677 -0.6155400000000001 0.771382 0.999501
       
TRITEX 75.93753000000001 202.09323 6.88446 0.826445 0.0004990000000000272
       66.5625 -37.90677 6.88446 0.787114 0.999501
       75.93753000000001 -37.90677 6.88446 0.826445 0.999501
       
TRITEX 66.5625 202.09323 6.88446 0.787114 0.0004990000000000272
       66.5625 -37.90677 6.88446 0.787114 0.999501
       75.93753000000001 202.09323 6.88446 0.826445 0.0004990000000000272
       
TRITEX 66.5625 202.09323 -8.11554 0.787114 0.0004990000000000272
       75.93753000000001 -37.90677 -8.11554 0.826445 0.999501
       66.5625 -37.90677 -8.11554 0.787114 0.999501
       
TRITEX 75.93753000000001 202.09323 -8.11554 0.826445 0.0004990000000000272
       75.93753000000001 -37.90677 -8.11554 0.826445 0.999501
       66.5625 202.09323 -8.11554 0.787114 0.0004990000000000272
       
TRITEX 100.3125 202.09323 -0.6155400000000001 0.928705 0.0004990000000000272
       104.0625 -37.90677 -8.11554 0.944437 0.999501
       100.3125 -37.90677 -0.6155400000000001 0.928705 0.999501
       
TRITEX 104.0625 202.09323 -8.11554 0.944437 0.0004990000000000272
       104.0625 -37.90677 -8.11554 0.944437 0.999501
       100.3125 202.09323 -0.6155400000000001 0.928705 0.0004990000000000272
       
TRITEX 117.1875 202.09323 -0.6155400000000001 0.9995 0.0004990000000000272
       113.4375 -37.90677 6.88446 0.983768 0.999501
       117.1875 -37.90677 -0.6155400000000001 0.9995 0.999501
       
TRITEX 113.4375 202.09323 6.88446 0.983768 0.0004990000000000272
       113.4375 -37.90677 6.88446 0.983768 0.999501
       117.1875 202.09323 -0.6155400000000001 0.9995 0.0004990000000000272
       
TRITEX 100.3125 202.09323 -0.6155400000000001 0.928705 0.0004990000000000272
       104.0625 -37.90677 6.88446 0.944437 0.999501
       104.0625 202.09323 6.88446 0.944437 0.0004990000000000272
       
TRITEX 100.3125 -37.90677 -0.6155400000000001 0.928705 0.999501
       104.0625 -37.90677 6.88446 0.944437 0.999501
       100.3125 202.09323 -0.6155400000000001 0.928705 0.0004990000000000272
       
TRITEX 117.1875 202.09323 -0.6155400000000001 0.9995 0.0004990000000000272
       113.4375 -37.90677 -8.11554 0.983768 0.999501
       113.4375 202.09323 -8.11554 0.983768 0.0004990000000000272
       
TRITEX 117.1875 -37.90677 -0.6155400000000001 0.9995 0.999501
       113.4375 -37.90677 -8.11554 0.983768 0.999501
       117.1875 202.09323 -0.6155400000000001 0.9995 0.0004990000000000272
       
TRITEX 100.3125 202.09323 -0.6155400000000001 0.928705 0.0004990000000000272
       113.4375 202.09323 -8.11554 0.983768 0.0004990000000000272
       104.0625 202.09323 -8.11554 0.944437 0.0004990000000000272
       
TRITEX 104.0625 202.09323 6.88446 0.944437 0.0004990000000000272
       113.4375 202.09323 -8.11554 0.983768 0.0004990000000000272
       100.3125 202.09323 -0.6155400000000001 0.928705 0.0004990000000000272
       
TRITEX 113.4375 202.09323 6.88446 0.983768 0.0004990000000000272
       113.4375 202.09323 -8.11554 0.983768 0.0004990000000000272
       104.0625 202.09323 6.88446 0.944437 0.0004990000000000272
       
TRITEX 117.1875 202.09323 -0.6155400000000001 0.9995 0.0004990000000000272
       113.4375 202.09323 -8.11554 0.983768 0.0004990000000000272
       113.4375 202.09323 6.88446 0.983768 0.0004990000000000272
       
TRITEX 113.4375 -37.90677 6.88446 0.983768 0.999501
       113.4375 -37.90677 -8.11554 0.983768 0.999501
       117.1875 -37.90677 -0.6155400000000001 0.9995 0.999501
       
TRITEX 104.0625 -37.90677 6.88446 0.944437 0.999501
       113.4375 -37.90677 -8.11554 0.983768 0.999501
       113.4375 -37.90677 6.88446 0.983768 0.999501
       
TRITEX 100.3125 -37.90677 -0.6155400000000001 0.928705 0.999501
       113.4375 -37.90677 -8.11554 0.983768 0.999501
       104.0625 -37.90677 6.88446 0.944437 0.999501
       
TRITEX 104.0625 -37.90677 -8.11554 0.944437 0.999501
       113.4375 -37.90677 -8.11554 0.983768 0.999501
       100.3125 -37.90677 -0.6155400000000001 0.928705 0.999501
       
TRITEX 113.4375 202.09323 6.88446 0.983768 0.0004990000000000272
       104.0625 -37.90677 6.88446 0.944437 0.999501
       113.4375 -37.90677 6.88446 0.983768 0.999501
       
TRITEX 104.0625 202.09323 6.88446 0.944437 0.0004990000000000272
       104.0625 -37.90677 6.88446 0.944437 0.999501
       113.4375 202.09323 6.88446 0.983768 0.0004990000000000272
       
TRITEX 104.0625 202.09323 -8.11554 0.944437 0.0004990000000000272
       113.4375 -37.90677 -8.11554 0.983768 0.999501
       104.0625 -37.90677 -8.11554 0.944437 0.999501
       
TRITEX 113.4375 202.09323 -8.11554 0.983768 0.0004990000000000272
       113.4375 -37.90677 -8.11554 0.983768 0.999501
       104.0625 202.09323 -8.11554 0.944437 0.0004990000000000272
       
TRITEX -138.75 -19.156769999999998 -11.86554 0.0005 1.5
       138.75 -19.156769999999998 10.63446 0.999501 1.5
       -138.75 -19.156769999999998 10.63446 0.0005 1.5
       
TRITEX 138.75 -19.156769999999998 -11.86554 0.9995 1.5
       138.75 -19.156769999999998 10.63446 0.999501 1.5
       -138.75 -19.156769999999998 -11.86554 0.0005 1.5
       
TRITEX -138.75 -11.65677 -11.86554 0.0005 1.416667
       138.75 -11.65677 10.63446 0.999501 1.416667
       138.75 -11.65677 -11.86554 0.9995 1.416667
       
TRITEX -138.75 -11.65677 10.63446 0.0005 1.416667
       138.75 -11.65677 10.63446 0.999501 1.416667
       -138.75 -11.65677 -11.86554 0.0005 1.416667
       
TRITEX -138.75 -19.156769999999998 -11.86554 0.0005 1.5
       138.75 -11.65677 -11.86554 0.9995 1.416667
       138.75 -19.156769999999998 -11.86554 0.9995 1.5
       
TRITEX -138.75 -11.65677 -11.86554 0.0005 1.416667
       138.75 -11.65677 -11.86554 0.9995 1.416667
       -138.75 -19.156769999999998 -11.86554 0.0005 1.5
       
TRITEX -138.75 -19.156769999999998 10.63446 0.0005 1.5
       138.75 -11.65677 10.63446 0.999501 1.416667
       -138.75 -11.65677 10.63446 0.0005 1.416667
       
TRITEX 138.75 -19.156769999999998 10.63446 0.999501 1.5
       138.75 -11.65677 10.63446 0.999501 1.416667
       -138.75 -19.156769999999998 10.63446 0.0005 1.5
       
TRITEX -138.75 -19.156769999999998 -11.86554 0.0005 1.5
       -138.75 -11.65677 10.63446 0.0005 1.416667
       -138.75 -11.65677 -11.86554 0.0005 1.416667
       
TRITEX -138.75 -19.156769999999998 10.63446 0.0005 1.5
       -138.75 -11.65677 10.63446 0.0005 1.416667
       -138.75 -19.156769999999998 -11.86554 0.0005 1.5
       
TRITEX 138.75 -19.156769999999998 -11.86554 0.9995 1.5
       138.75 -11.65677 10.63446 0.999501 1.416667
       138.75 -19.156769999999998 10.63446 0.999501 1.5
       
TRITEX 138.75 -11.65677 -11.86554 0.9995 1.416667
       138.75 -11.65677 10.63446 0.999501 1.416667
       138.75 -19.156769999999998 -11.86554 0.9995 1.5
       
TRITEX -138.75 29.593230000000002 -11.86554 0.0005 0.958333
       138.75 29.593230000000002 10.63446 0.999501 0.958333
       -138.75 29.593230000000002 10.63446 0.0005 0.958333
       
TRITEX 138.75 29.593230000000002 -11.86554 0.9995 0.958333
       138.75 29.593230000000002 10.63446 0.999501 0.958333
       -138.75 29.593230000000002 -11.86554 0.0005 0.958333
       
TRITEX -138.75 37.09323 -11.86554 0.0005 0.875
       138.75 37.09323 10.63446 0.999501 0.875
       138.75 37.09323 -11.86554 0.9995 0.875
       
TRITEX -138.75 37.09323 10.63446 0.0005 0.875
       138.75 37.09323 10.63446 0.999501 0.875
       -138.75 37.09323 -11.86554 0.0005 0.875
       
TRITEX -138.75 29.593230000000002 -11.86554 0.0005 0.958333
       138.75 37.09323 -11.86554 0.9995 0.875
       138.75 29.593230000000002 -11.86554 0.9995 0.958333
       
TRITEX -138.75 37.09323 -11.86554 0.0005 0.875
       138.75 37.09323 -11.86554 0.9995 0.875
       -138.75 29.593230000000002 -11.86554 0.0005 0.958333
       
TRITEX -138.75 29.593230000000002 10.63446 0.0005 0.958333
       138.75 37.09323 10.63446 0.999501 0.875
       -138.75 37.09323 10.63446 0.0005 0.875
       
TRITEX 138.75 29.593230000000002 10.63446 0.999501 0.958333
       138.75 37.09323 10.63446 0.999501 0.875
       -138.75 29.593230000000002 10.63446 0.0005 0.958333
       
TRITEX -138.75 29.593230000000002 -11.86554 0.0005 0.958333
       -138.75 37.09323 10.63446 0.0005 0.875
       -138.75 37.09323 -11.86554 0.0005 0.875
       
TRITEX -138.75 29.593230000000002 10.63446 0.0005 0.958333
       -138.75 37.09323 10.63446 0.0005 0.875
       -138.75 29.593230000000002 -11.86554 0.0005 0.958333
       
TRITEX 138.75 29.593230000000002 -11.86554 0.9995 0.958333
       138.75 37.09323 10.63446 0.999501 0.875
       138.75 29.593230000000002 10.63446 0.999501 0.958333
       
TRITEX 138.75 37.09323 -11.86554 0.9995 0.875
       138.75 37.09323 10.63446 0.999501 0.875
       138.75 29.593230000000002 -11.86554 0.9995 0.958333
       
TRITEX -138.75 153.34323 -11.86554 0.0005 -0.4166669999999999
       138.75 153.34323 10.63446 0.999501 -0.4166669999999999
       -138.75 153.34323 10.63446 0.0005 -0.4166669999999999
       
TRITEX 138.75 153.34323 -11.86554 0.9995 -0.4166669999999999
       138.75 153.34323 10.63446 0.999501 -0.4166669999999999
       -138.75 153.34323 -11.86554 0.0005 -0.4166669999999999
       
TRITEX -138.75 160.84323 -11.86554 0.0005 -0.5
       138.75 160.84323 10.63446 0.999501 -0.5
       138.75 160.84323 -11.86554 0.9995 -0.5
       
TRITEX -138.75 160.84323 10.63446 0.0005 -0.5
       138.75 160.84323 10.63446 0.999501 -0.5
       -138.75 160.84323 -11.86554 0.0005 -0.5
       
TRITEX -138.75 153.34323 -11.86554 0.0005 -0.4166669999999999
       138.75 160.84323 -11.86554 0.9995 -0.5
       138.75 153.34323 -11.86554 0.9995 -0.4166669999999999
       
TRITEX -138.75 160.84323 -11.86554 0.0005 -0.5
       138.75 160.84323 -11.86554 0.9995 -0.5
       -138.75 153.34323 -11.86554 0.0005 -0.4166669999999999
       
TRITEX -138.75 153.34323 10.63446 0.0005 -0.4166669999999999
       138.75 160.84323 10.63446 0.999501 -0.5
       -138.75 160.84323 10.63446 0.0005 -0.5
       
TRITEX 138.75 153.34323 10.63446 0.999501 -0.4166669999999999
       138.75 160.84323 10.63446 0.999501 -0.5
       -138.75 153.34323 10.63446 0.0005 -0.4166669999999999
       
TRITEX -138.75 153.34323 -11.86554 0.0005 -0.4166669999999999
       -138.75 160.84323 10.63446 0.0005 -0.5
       -138.75 160.84323 -11.86554 0.0005 -0.5
       
TRITEX -138.75 153.34323 10.63446 0.0005 -0.4166669999999999
       -138.75 160.84323 10.63446 0.0005 -0.5
       -138.75 153.34323 -11.86554 0.0005 -0.4166669999999999
       
TRITEX 138.75 153.34323 -11.86554 0.9995 -0.4166669999999999
       138.75 160.84323 10.63446 0.999501 -0.5
       138.75 153.34323 10.63446 0.999501 -0.4166669999999999
       
TRITEX 138.75 160.84323 -11.86554 0.9995 -0.5
       138.75 160.84323 10.63446 0.999501 -0.5
       138.75 153.34323 -11.86554 0.9995 -0.4166669999999999



END_FILE

** EVERYTHING BELOW "END_FILE" IS IGNORED **

0 1
0 0
1 1
1 0

